AttractionId,AttractionCityId,Attraction,AttractionAddress,AttractionTypeRaw,AttractionTypeNumericId,AttractionTypeLabel,AttractionTypeBroad,AttractionCityName,AttractionCountryId,AttractionCountry,AttractionRegionId,AttractionRegion,AttractionContinentId,AttractionContinent,HistoricalVisitCount,HistoricalAverageRating
369,1,Kuta Beach - Bali,Kuta,13,13,Beaches,Beach,Douala,1,Cameroon,1,Central Africa,1,Africa,2765,3.4151898734177215
481,1,Nusa Dua Beach,"Semenanjung Nusa Dua, Nusa Dua 80517 Indonesia",13,13,Beaches,Beach,Douala,1,Cameroon,1,Central Africa,1,Africa,2104,4.275665399239544
640,1,Sacred Monkey Forest Sanctuary,"Jl. Monkey Forest, Ubud 80571 Indonesia",63,63,Nature & Wildlife Areas,Nature,Douala,1,Cameroon,1,Central Africa,1,Africa,13198,4.267085922109411
650,1,Sanur Beach,Sanur,13,13,Beaches,Beach,Douala,1,Cameroon,1,Central Africa,1,Africa,3044,3.97634691195795
673,1,Seminyak Beach,Seminyak,13,13,Beaches,Beach,Douala,1,Cameroon,1,Central Africa,1,Africa,2914,3.800617707618394
737,1,Tanah Lot Temple,"Kecamatan Kediri, Kabupaten Tabanan, Beraban 82121 Indonesia",76,76,Religious Sites,Religious,Douala,1,Cameroon,1,Central Africa,1,Africa,3352,4.19480906921241
748,1,Tegalalang Rice Terrace,"Jalan Raya Ceking, Tegalalang 80517 Indonesia",72,72,Points of Interest & Landmarks,Landmark,Douala,1,Cameroon,1,Central Africa,1,Africa,5815,4.157523645743766
749,1,Tegenungan Waterfall,"Jl. Raya Tegenungan, Kemenuh, Ubud 80581 Indonesia",93,93,Waterfalls,Nature,Douala,1,Cameroon,1,Central Africa,1,Africa,2190,3.895433789954338
824,1,Uluwatu Temple,"Jl. Raya Uluwatu Southern part of Bali, Pecatu 80361 Indonesia",76,76,Religious Sites,Religious,Douala,1,Cameroon,1,Central Africa,1,Africa,3359,4.219410538850848
841,1,Waterbom Bali,"Jl. Kartika Plaza, Kuta 80361 Indonesia",92,92,Water Parks,Water Park,Douala,1,Cameroon,1,Central Africa,1,Africa,6429,4.646601337688598
877,2,Balekambang Beach,Malang District,13,13,Beaches,Beach,South Region,1,Cameroon,1,Central Africa,1,Africa,36,4.027777777777778
888,2,Bromo Tengger Semeru National Park,"Asrikaton - Pakis, Malang 65100 Indonesia",61,61,National Parks,Park,South Region,1,Cameroon,1,Central Africa,1,Africa,381,4.611548556430447
897,2,Coban Rondo Waterfall,Malang District,93,93,Waterfalls,Nature,South Region,1,Cameroon,1,Central Africa,1,Africa,55,3.963636363636364
913,2,Goa Cina Beach,"Dusun Trowotratih, Desa Sitiarjo Kecamatan Sumbermanjing Wetan, Malang 65111 Indonesia",13,13,Beaches,Beach,South Region,1,Cameroon,1,Central Africa,1,Africa,54,4.092592592592593
920,2,Jodipan Colorful Village,"Gang 1 Jodipan, Kesatrian, Kec. Blimbing, Malang 65126 Indonesia",64,64,Neighborhoods,Neighborhood,South Region,1,Cameroon,1,Central Africa,1,Africa,44,4.318181818181818
928,2,Khayangan Reflexology & Massage,Malang,82,82,Spas,Spa,South Region,1,Cameroon,1,Central Africa,1,Africa,28,4.571428571428571
937,2,Malang City Square,"Jl. Merdeka Utara, Malang 65119 Indonesia",72,72,Points of Interest & Landmarks,Landmark,South Region,1,Cameroon,1,Central Africa,1,Africa,64,3.578125
947,2,Mount Semeru Volcano,Malang Lumajang,91,91,Volcanos,Nature,South Region,1,Cameroon,1,Central Africa,1,Africa,83,4.698795180722891
949,2,Museum Malang Tempo Doeloe,"Jl. Gajahmada no. 2, Malang 65119 Indonesia",84,84,Speciality Museums,Museum,South Region,1,Cameroon,1,Central Africa,1,Africa,31,4.032258064516129
975,2,Sempu Island,"Sumber Manjing Wetan, Malang 65111 Indonesia",63,63,Nature & Wildlife Areas,Nature,South Region,1,Cameroon,1,Central Africa,1,Africa,53,4.2075471698113205
1133,3,Jomblang Cave,"Jetis Wetan, Pacarejo, Semanu 55581 Indonesia",19,19,Caverns & Caves,Nature,N'Djamena,2,Chad,1,Central Africa,1,Africa,135,4.503703703703704
1137,3,Kalibiru National Park,Kulon Progo,61,61,National Parks,Park,N'Djamena,2,Chad,1,Central Africa,1,Africa,130,3.8461538461538463
1166,3,Malioboro Road,Yogyakarta,34,34,Flea & Street Markets,Market,N'Djamena,2,Chad,1,Central Africa,1,Africa,1324,3.869335347432024
1171,3,Merapi Volcano,Yogyakarta,91,91,Volcanos,Nature,N'Djamena,2,Chad,1,Central Africa,1,Africa,2235,4.079194630872483
1220,3,Ramayana Ballet at Prambanan,Sleman,10,10,Ballets,Culture,N'Djamena,2,Chad,1,Central Africa,1,Africa,377,4.180371352785146
1225,3,Ratu Boko Temple,Yogyakarta,2,2,Ancient Ruins,Historic,N'Djamena,2,Chad,1,Central Africa,1,Africa,204,3.9362745098039214
1238,3,Sewu Temple,Yogyakarta,2,2,Ancient Ruins,Historic,N'Djamena,2,Chad,1,Central Africa,1,Africa,377,4.1246684350132625
1278,3,Ullen Sentalu Museum,"Jl. Boyong Taman Wisata, 55581 Indonesia",45,45,History Museums,Museum,N'Djamena,2,Chad,1,Central Africa,1,Africa,978,4.2566462167689165
1280,3,Water Castle (Tamansari),"Jl. Taman, 55133 Indonesia",72,72,Points of Interest & Landmarks,Landmark,N'Djamena,2,Chad,1,Central Africa,1,Africa,373,3.8150134048257374
1297,3,Yogyakarta Palace,Yogyakarta,44,44,Historic Sites,Historic,N'Djamena,2,Chad,1,Central Africa,1,Africa,798,3.5388471177944862
1298,0,Ancient Temple - -,"Main Street, -, -",Temple,,Temple,Religious,Unknown,0,Unknown,0,Unknown,0,Unknown,0,4.15769884753448
1299,0,Paradise Beach - -,"Main Street, -, -",Beach,,Beach,Beach,Unknown,0,Unknown,0,Unknown,0,Unknown,0,4.15769884753448
1300,0,National Park - -,"Main Street, -, -",Park,,Park,Park,Unknown,0,Unknown,0,Unknown,0,Unknown,0,4.15769884753448
1301,0,Cultural Heritage Center - -,"Main Street, -, -",Museum,,Museum,Museum,Unknown,0,Unknown,0,Unknown,0,Unknown,0,4.15769884753448
1302,2,Art Gallery - South Region,"Main Street, South Region, Cameroon",Museum,,Museum,Museum,South Region,1,Cameroon,1,Central Africa,1,Africa,0,4.15769884753448
1303,2,Farmers' Market - South Region,"Main Street, South Region, Cameroon",Market,,Market,Market,South Region,1,Cameroon,1,Central Africa,1,Africa,0,4.15769884753448
1304,2,Night Market - South Region,"Main Street, South Region, Cameroon",Market,,Market,Market,South Region,1,Cameroon,1,Central Africa,1,Africa,0,4.15769884753448
1305,2,Cathedral - South Region,"Main Street, South Region, Cameroon",Temple,,Temple,Religious,South Region,1,Cameroon,1,Central Africa,1,Africa,0,4.15769884753448
1306,1,Eco Park - Douala,"Main Street, Douala, Cameroon",Park,,Park,Park,Douala,1,Cameroon,1,Central Africa,1,Africa,0,4.15769884753448
1307,1,Art Gallery - Douala,"Main Street, Douala, Cameroon",Museum,,Museum,Museum,Douala,1,Cameroon,1,Central Africa,1,Africa,0,4.15769884753448
1308,1,Paradise Beach - Douala,"Main Street, Douala, Cameroon",Beach,,Beach,Beach,Douala,1,Cameroon,1,Central Africa,1,Africa,0,4.15769884753448
1309,1,Sacred Shrine - Douala,"Main Street, Douala, Cameroon",Temple,,Temple,Religious,Douala,1,Cameroon,1,Central Africa,1,Africa,0,4.15769884753448
1310,3,Crystal Bay - N'Djamena,"Main Street, N'Djamena, Chad",Beach,,Beach,Beach,N'Djamena,2,Chad,1,Central Africa,1,Africa,0,4.15769884753448
1311,3,Farmers' Market - N'Djamena,"Main Street, N'Djamena, Chad",Market,,Market,Market,N'Djamena,2,Chad,1,Central Africa,1,Africa,0,4.15769884753448
1312,3,Cultural Heritage Center - N'Djamena,"Main Street, N'Djamena, Chad",Museum,,Museum,Museum,N'Djamena,2,Chad,1,Central Africa,1,Africa,0,4.15769884753448
1313,3,Farmers' Market - N'Djamena,"Main Street, N'Djamena, Chad",Market,,Market,Market,N'Djamena,2,Chad,1,Central Africa,1,Africa,0,4.15769884753448
1314,5,National Park - Kigali Province,"Main Street, Kigali Province, Rwanda",Park,,Park,Park,Kigali Province,3,Rwanda,1,Central Africa,1,Africa,0,4.15769884753448
1315,5,Crystal Bay - Kigali Province,"Main Street, Kigali Province, Rwanda",Beach,,Beach,Beach,Kigali Province,3,Rwanda,1,Central Africa,1,Africa,0,4.15769884753448
1316,5,Science Museum - Kigali Province,"Main Street, Kigali Province, Rwanda",Museum,,Museum,Museum,Kigali Province,3,Rwanda,1,Central Africa,1,Africa,0,4.15769884753448
1317,5,Cathedral - Kigali Province,"Main Street, Kigali Province, Rwanda",Temple,,Temple,Religious,Kigali Province,3,Rwanda,1,Central Africa,1,Africa,0,4.15769884753448
1318,4,Golden Sand Beach - Kigali,"Main Street, Kigali, Rwanda",Beach,,Beach,Beach,Kigali,3,Rwanda,1,Central Africa,1,Africa,0,4.15769884753448
1319,4,Grand Mosque - Kigali,"Main Street, Kigali, Rwanda",Temple,,Temple,Religious,Kigali,3,Rwanda,1,Central Africa,1,Africa,0,4.15769884753448
1320,4,Local Bazaar - Kigali,"Main Street, Kigali, Rwanda",Market,,Market,Market,Kigali,3,Rwanda,1,Central Africa,1,Africa,0,4.15769884753448
1321,4,Cultural Heritage Center - Kigali,"Main Street, Kigali, Rwanda",Museum,,Museum,Museum,Kigali,3,Rwanda,1,Central Africa,1,Africa,0,4.15769884753448
1322,6,Sunset Cove - Addis Ababa,"Main Street, Addis Ababa, Ethiopia",Beach,,Beach,Beach,Addis Ababa,4,Ethiopia,2,East Africa,1,Africa,0,4.15769884753448
1323,6,National Park - Addis Ababa,"Main Street, Addis Ababa, Ethiopia",Park,,Park,Park,Addis Ababa,4,Ethiopia,2,East Africa,1,Africa,0,4.15769884753448
1324,6,Farmers' Market - Addis Ababa,"Main Street, Addis Ababa, Ethiopia",Market,,Market,Market,Addis Ababa,4,Ethiopia,2,East Africa,1,Africa,0,4.15769884753448
1325,6,Eco Park - Addis Ababa,"Main Street, Addis Ababa, Ethiopia",Park,,Park,Park,Addis Ababa,4,Ethiopia,2,East Africa,1,Africa,0,4.15769884753448
1326,7,Ancient Temple - Karen,"Main Street, Karen, Kenya",Temple,,Temple,Religious,Karen,5,Kenya,2,East Africa,1,Africa,0,4.15769884753448
1327,7,National Park - Karen,"Main Street, Karen, Kenya",Park,,Park,Park,Karen,5,Kenya,2,East Africa,1,Africa,0,4.15769884753448
1328,7,Cathedral - Karen,"Main Street, Karen, Kenya",Temple,,Temple,Religious,Karen,5,Kenya,2,East Africa,1,Africa,0,4.15769884753448
1329,7,Golden Sand Beach - Karen,"Main Street, Karen, Kenya",Beach,,Beach,Beach,Karen,5,Kenya,2,East Africa,1,Africa,0,4.15769884753448
1330,8,Cathedral - Kenya,"Main Street, Kenya, Kenya",Temple,,Temple,Religious,Kenya,5,Kenya,2,East Africa,1,Africa,0,4.15769884753448
1331,8,Cultural Heritage Center - Kenya,"Main Street, Kenya, Kenya",Museum,,Museum,Museum,Kenya,5,Kenya,2,East Africa,1,Africa,0,4.15769884753448
1332,8,Crystal Bay - Kenya,"Main Street, Kenya, Kenya",Beach,,Beach,Beach,Kenya,5,Kenya,2,East Africa,1,Africa,0,4.15769884753448
1333,8,Grand Mosque - Kenya,"Main Street, Kenya, Kenya",Temple,,Temple,Religious,Kenya,5,Kenya,2,East Africa,1,Africa,0,4.15769884753448
1334,12,Sacred Shrine - Shimoni,"Main Street, Shimoni, Kenya",Temple,,Temple,Religious,Shimoni,5,Kenya,2,East Africa,1,Africa,0,4.15769884753448
1335,12,Ancient Temple - Shimoni,"Main Street, Shimoni, Kenya",Temple,,Temple,Religious,Shimoni,5,Kenya,2,East Africa,1,Africa,0,4.15769884753448
1336,12,Cathedral - Shimoni,"Main Street, Shimoni, Kenya",Temple,,Temple,Religious,Shimoni,5,Kenya,2,East Africa,1,Africa,0,4.15769884753448
1337,12,History Museum - Shimoni,"Main Street, Shimoni, Kenya",Museum,,Museum,Museum,Shimoni,5,Kenya,2,East Africa,1,Africa,0,4.15769884753448
1338,18,Local Bazaar - Mauritius,"Main Street, Mauritius, Mauritius",Market,,Market,Market,Mauritius,6,Mauritius,2,East Africa,1,Africa,0,4.15769884753448
1339,18,National Park - Mauritius,"Main Street, Mauritius, Mauritius",Park,,Park,Park,Mauritius,6,Mauritius,2,East Africa,1,Africa,0,4.15769884753448
1340,18,Night Market - Mauritius,"Main Street, Mauritius, Mauritius",Market,,Market,Market,Mauritius,6,Mauritius,2,East Africa,1,Africa,0,4.15769884753448
1341,18,Paradise Beach - Mauritius,"Main Street, Mauritius, Mauritius",Beach,,Beach,Beach,Mauritius,6,Mauritius,2,East Africa,1,Africa,0,4.15769884753448
1342,13,Farmers' Market - Bel Ombre,"Main Street, Bel Ombre, Mauritius",Market,,Market,Market,Bel Ombre,6,Mauritius,2,East Africa,1,Africa,0,4.15769884753448
1343,13,History Museum - Bel Ombre,"Main Street, Bel Ombre, Mauritius",Museum,,Museum,Museum,Bel Ombre,6,Mauritius,2,East Africa,1,Africa,0,4.15769884753448
1344,13,Flea Market - Bel Ombre,"Main Street, Bel Ombre, Mauritius",Market,,Market,Market,Bel Ombre,6,Mauritius,2,East Africa,1,Africa,0,4.15769884753448
1345,13,Grand Mosque - Bel Ombre,"Main Street, Bel Ombre, Mauritius",Temple,,Temple,Religious,Bel Ombre,6,Mauritius,2,East Africa,1,Africa,0,4.15769884753448
1346,22,History Museum - Quatre Bornes,"Main Street, Quatre Bornes, Mauritius",Museum,,Museum,Museum,Quatre Bornes,6,Mauritius,2,East Africa,1,Africa,0,4.15769884753448
1347,22,Sacred Shrine - Quatre Bornes,"Main Street, Quatre Bornes, Mauritius",Temple,,Temple,Religious,Quatre Bornes,6,Mauritius,2,East Africa,1,Africa,0,4.15769884753448
1348,22,Golden Sand Beach - Quatre Bornes,"Main Street, Quatre Bornes, Mauritius",Beach,,Beach,Beach,Quatre Bornes,6,Mauritius,2,East Africa,1,Africa,0,4.15769884753448
1349,22,Sunset Cove - Quatre Bornes,"Main Street, Quatre Bornes, Mauritius",Beach,,Beach,Beach,Quatre Bornes,6,Mauritius,2,East Africa,1,Africa,0,4.15769884753448
1350,24,Farmers' Market - Cerf Island,"Main Street, Cerf Island, Seychelles",Market,,Market,Market,Cerf Island,7,Seychelles,2,East Africa,1,Africa,0,4.15769884753448
1351,24,Local Bazaar - Cerf Island,"Main Street, Cerf Island, Seychelles",Market,,Market,Market,Cerf Island,7,Seychelles,2,East Africa,1,Africa,0,4.15769884753448
1352,24,Cathedral - Cerf Island,"Main Street, Cerf Island, Seychelles",Temple,,Temple,Religious,Cerf Island,7,Seychelles,2,East Africa,1,Africa,0,4.15769884753448
1353,24,Cathedral - Cerf Island,"Main Street, Cerf Island, Seychelles",Temple,,Temple,Religious,Cerf Island,7,Seychelles,2,East Africa,1,Africa,0,4.15769884753448
1354,25,Night Market - Mahe Island,"Main Street, Mahe Island, Seychelles",Market,,Market,Market,Mahe Island,7,Seychelles,2,East Africa,1,Africa,0,4.15769884753448
1355,25,Cathedral - Mahe Island,"Main Street, Mahe Island, Seychelles",Temple,,Temple,Religious,Mahe Island,7,Seychelles,2,East Africa,1,Africa,0,4.15769884753448
1356,25,History Museum - Mahe Island,"Main Street, Mahe Island, Seychelles",Museum,,Museum,Museum,Mahe Island,7,Seychelles,2,East Africa,1,Africa,0,4.15769884753448
1357,25,Sacred Shrine - Mahe Island,"Main Street, Mahe Island, Seychelles",Temple,,Temple,Religious,Mahe Island,7,Seychelles,2,East Africa,1,Africa,0,4.15769884753448
1358,26,Botanical Garden - Victoria,"Main Street, Victoria, Seychelles",Park,,Park,Park,Victoria,7,Seychelles,2,East Africa,1,Africa,0,4.15769884753448
1359,26,Sunset Cove - Victoria,"Main Street, Victoria, Seychelles",Beach,,Beach,Beach,Victoria,7,Seychelles,2,East Africa,1,Africa,0,4.15769884753448
1360,26,Cultural Heritage Center - Victoria,"Main Street, Victoria, Seychelles",Museum,,Museum,Museum,Victoria,7,Seychelles,2,East Africa,1,Africa,0,4.15769884753448
1361,26,Science Museum - Victoria,"Main Street, Victoria, Seychelles",Museum,,Museum,Museum,Victoria,7,Seychelles,2,East Africa,1,Africa,0,4.15769884753448
1362,28,Night Market - Port Sudan,"Main Street, Port Sudan, Sudan",Market,,Market,Market,Port Sudan,8,Sudan,2,East Africa,1,Africa,0,4.15769884753448
1363,28,Farmers' Market - Port Sudan,"Main Street, Port Sudan, Sudan",Market,,Market,Market,Port Sudan,8,Sudan,2,East Africa,1,Africa,0,4.15769884753448
1364,28,Science Museum - Port Sudan,"Main Street, Port Sudan, Sudan",Museum,,Museum,Museum,Port Sudan,8,Sudan,2,East Africa,1,Africa,0,4.15769884753448
1365,28,Sunset Cove - Port Sudan,"Main Street, Port Sudan, Sudan",Beach,,Beach,Beach,Port Sudan,8,Sudan,2,East Africa,1,Africa,0,4.15769884753448
1366,30,Farmers' Market - Sudan,"Main Street, Sudan, Sudan",Market,,Market,Market,Sudan,8,Sudan,2,East Africa,1,Africa,0,4.15769884753448
1367,30,Botanical Garden - Sudan,"Main Street, Sudan, Sudan",Park,,Park,Park,Sudan,8,Sudan,2,East Africa,1,Africa,0,4.15769884753448
1368,30,History Museum - Sudan,"Main Street, Sudan, Sudan",Museum,,Museum,Museum,Sudan,8,Sudan,2,East Africa,1,Africa,0,4.15769884753448
1369,30,Golden Sand Beach - Sudan,"Main Street, Sudan, Sudan",Beach,,Beach,Beach,Sudan,8,Sudan,2,East Africa,1,Africa,0,4.15769884753448
1370,27,Golden Sand Beach - Khartoum,"Main Street, Khartoum, Sudan",Beach,,Beach,Beach,Khartoum,8,Sudan,2,East Africa,1,Africa,0,4.15769884753448
1371,27,Botanical Garden - Khartoum,"Main Street, Khartoum, Sudan",Park,,Park,Park,Khartoum,8,Sudan,2,East Africa,1,Africa,0,4.15769884753448
1372,27,Paradise Beach - Khartoum,"Main Street, Khartoum, Sudan",Beach,,Beach,Beach,Khartoum,8,Sudan,2,East Africa,1,Africa,0,4.15769884753448
1373,27,Eco Park - Khartoum,"Main Street, Khartoum, Sudan",Park,,Park,Park,Khartoum,8,Sudan,2,East Africa,1,Africa,0,4.15769884753448
1374,31,Night Market - Arusha,"Main Street, Arusha, Tanzania",Market,,Market,Market,Arusha,9,Tanzania,2,East Africa,1,Africa,0,4.15769884753448
1375,31,Flea Market - Arusha,"Main Street, Arusha, Tanzania",Market,,Market,Market,Arusha,9,Tanzania,2,East Africa,1,Africa,0,4.15769884753448
1376,31,Farmers' Market - Arusha,"Main Street, Arusha, Tanzania",Market,,Market,Market,Arusha,9,Tanzania,2,East Africa,1,Africa,0,4.15769884753448
1377,31,Night Market - Arusha,"Main Street, Arusha, Tanzania",Market,,Market,Market,Arusha,9,Tanzania,2,East Africa,1,Africa,0,4.15769884753448
1378,32,Golden Sand Beach - Dar es Salaam,"Main Street, Dar es Salaam, Tanzania",Beach,,Beach,Beach,Dar es Salaam,9,Tanzania,2,East Africa,1,Africa,0,4.15769884753448
1379,32,Cathedral - Dar es Salaam,"Main Street, Dar es Salaam, Tanzania",Temple,,Temple,Religious,Dar es Salaam,9,Tanzania,2,East Africa,1,Africa,0,4.15769884753448
1380,32,National Park - Dar es Salaam,"Main Street, Dar es Salaam, Tanzania",Park,,Park,Park,Dar es Salaam,9,Tanzania,2,East Africa,1,Africa,0,4.15769884753448
1381,32,Crystal Bay - Dar es Salaam,"Main Street, Dar es Salaam, Tanzania",Beach,,Beach,Beach,Dar es Salaam,9,Tanzania,2,East Africa,1,Africa,0,4.15769884753448
1382,36,Wildlife Reserve - Zanzibar Island,"Main Street, Zanzibar Island, Tanzania",Park,,Park,Park,Zanzibar Island,9,Tanzania,2,East Africa,1,Africa,0,4.15769884753448
1383,36,Flea Market - Zanzibar Island,"Main Street, Zanzibar Island, Tanzania",Market,,Market,Market,Zanzibar Island,9,Tanzania,2,East Africa,1,Africa,0,4.15769884753448
1384,36,Crystal Bay - Zanzibar Island,"Main Street, Zanzibar Island, Tanzania",Beach,,Beach,Beach,Zanzibar Island,9,Tanzania,2,East Africa,1,Africa,0,4.15769884753448
1385,36,Golden Sand Beach - Zanzibar Island,"Main Street, Zanzibar Island, Tanzania",Beach,,Beach,Beach,Zanzibar Island,9,Tanzania,2,East Africa,1,Africa,0,4.15769884753448
1386,37,Sacred Shrine - Kampala,"Main Street, Kampala, Uganda",Temple,,Temple,Religious,Kampala,10,Uganda,2,East Africa,1,Africa,0,4.15769884753448
1387,37,Grand Mosque - Kampala,"Main Street, Kampala, Uganda",Temple,,Temple,Religious,Kampala,10,Uganda,2,East Africa,1,Africa,0,4.15769884753448
1388,37,Botanical Garden - Kampala,"Main Street, Kampala, Uganda",Park,,Park,Park,Kampala,10,Uganda,2,East Africa,1,Africa,0,4.15769884753448
1389,37,Crystal Bay - Kampala,"Main Street, Kampala, Uganda",Beach,,Beach,Beach,Kampala,10,Uganda,2,East Africa,1,Africa,0,4.15769884753448
1390,39,Sunset Cove - Lusaka,"Main Street, Lusaka, Zambia",Beach,,Beach,Beach,Lusaka,11,Zambia,2,East Africa,1,Africa,0,4.15769884753448
1391,39,Cultural Heritage Center - Lusaka,"Main Street, Lusaka, Zambia",Museum,,Museum,Museum,Lusaka,11,Zambia,2,East Africa,1,Africa,0,4.15769884753448
1392,39,Art Gallery - Lusaka,"Main Street, Lusaka, Zambia",Museum,,Museum,Museum,Lusaka,11,Zambia,2,East Africa,1,Africa,0,4.15769884753448
1393,39,Ancient Temple - Lusaka,"Main Street, Lusaka, Zambia",Temple,,Temple,Religious,Lusaka,11,Zambia,2,East Africa,1,Africa,0,4.15769884753448
1394,42,History Museum - Victoria Falls,"Main Street, Victoria Falls, Zambia",Museum,,Museum,Museum,Victoria Falls,11,Zambia,2,East Africa,1,Africa,0,4.15769884753448
1395,42,Golden Sand Beach - Victoria Falls,"Main Street, Victoria Falls, Zambia",Beach,,Beach,Beach,Victoria Falls,11,Zambia,2,East Africa,1,Africa,0,4.15769884753448
1396,42,Cultural Heritage Center - Victoria Falls,"Main Street, Victoria Falls, Zambia",Museum,,Museum,Museum,Victoria Falls,11,Zambia,2,East Africa,1,Africa,0,4.15769884753448
1397,42,National Park - Victoria Falls,"Main Street, Victoria Falls, Zambia",Park,,Park,Park,Victoria Falls,11,Zambia,2,East Africa,1,Africa,0,4.15769884753448
1398,40,Flea Market - Solwezi,"Main Street, Solwezi, Zambia",Market,,Market,Market,Solwezi,11,Zambia,2,East Africa,1,Africa,0,4.15769884753448
1399,40,Grand Mosque - Solwezi,"Main Street, Solwezi, Zambia",Temple,,Temple,Religious,Solwezi,11,Zambia,2,East Africa,1,Africa,0,4.15769884753448
1400,40,Science Museum - Solwezi,"Main Street, Solwezi, Zambia",Museum,,Museum,Museum,Solwezi,11,Zambia,2,East Africa,1,Africa,0,4.15769884753448
1401,40,Eco Park - Solwezi,"Main Street, Solwezi, Zambia",Park,,Park,Park,Solwezi,11,Zambia,2,East Africa,1,Africa,0,4.15769884753448
1402,43,Local Bazaar - Harare,"Main Street, Harare, Zimbabwe",Market,,Market,Market,Harare,12,Zimbabwe,2,East Africa,1,Africa,0,4.15769884753448
1403,43,Golden Sand Beach - Harare,"Main Street, Harare, Zimbabwe",Beach,,Beach,Beach,Harare,12,Zimbabwe,2,East Africa,1,Africa,0,4.15769884753448
1404,43,Science Museum - Harare,"Main Street, Harare, Zimbabwe",Museum,,Museum,Museum,Harare,12,Zimbabwe,2,East Africa,1,Africa,0,4.15769884753448
1405,43,History Museum - Harare,"Main Street, Harare, Zimbabwe",Museum,,Museum,Museum,Harare,12,Zimbabwe,2,East Africa,1,Africa,0,4.15769884753448
1406,45,Paradise Beach - Algiers,"Main Street, Algiers, Algeria",Beach,,Beach,Beach,Algiers,13,Algeria,3,North Africa,1,Africa,0,4.15769884753448
1407,45,Crystal Bay - Algiers,"Main Street, Algiers, Algeria",Beach,,Beach,Beach,Algiers,13,Algeria,3,North Africa,1,Africa,0,4.15769884753448
1408,45,Flea Market - Algiers,"Main Street, Algiers, Algeria",Market,,Market,Market,Algiers,13,Algeria,3,North Africa,1,Africa,0,4.15769884753448
1409,45,Ancient Temple - Algiers,"Main Street, Algiers, Algeria",Temple,,Temple,Religious,Algiers,13,Algeria,3,North Africa,1,Africa,0,4.15769884753448
1410,47,Eco Park - Oran,"Main Street, Oran, Algeria",Park,,Park,Park,Oran,13,Algeria,3,North Africa,1,Africa,0,4.15769884753448
1411,47,Golden Sand Beach - Oran,"Main Street, Oran, Algeria",Beach,,Beach,Beach,Oran,13,Algeria,3,North Africa,1,Africa,0,4.15769884753448
1412,47,Cultural Heritage Center - Oran,"Main Street, Oran, Algeria",Museum,,Museum,Museum,Oran,13,Algeria,3,North Africa,1,Africa,0,4.15769884753448
1413,47,Farmers' Market - Oran,"Main Street, Oran, Algeria",Market,,Market,Market,Oran,13,Algeria,3,North Africa,1,Africa,0,4.15769884753448
1414,44,Art Gallery - Alger,"Main Street, Alger, Algeria",Museum,,Museum,Museum,Alger,13,Algeria,3,North Africa,1,Africa,0,4.15769884753448
1415,44,Night Market - Alger,"Main Street, Alger, Algeria",Market,,Market,Market,Alger,13,Algeria,3,North Africa,1,Africa,0,4.15769884753448
1416,44,Night Market - Alger,"Main Street, Alger, Algeria",Market,,Market,Market,Alger,13,Algeria,3,North Africa,1,Africa,0,4.15769884753448
1417,44,Botanical Garden - Alger,"Main Street, Alger, Algeria",Park,,Park,Park,Alger,13,Algeria,3,North Africa,1,Africa,0,4.15769884753448
1418,48,Cathedral - Ad Duqqi,"Main Street, Ad Duqqi, Egypt",Temple,,Temple,Religious,Ad Duqqi,14,Egypt,3,North Africa,1,Africa,0,4.15769884753448
1419,48,Sacred Shrine - Ad Duqqi,"Main Street, Ad Duqqi, Egypt",Temple,,Temple,Religious,Ad Duqqi,14,Egypt,3,North Africa,1,Africa,0,4.15769884753448
1420,48,Paradise Beach - Ad Duqqi,"Main Street, Ad Duqqi, Egypt",Beach,,Beach,Beach,Ad Duqqi,14,Egypt,3,North Africa,1,Africa,0,4.15769884753448
1421,48,Golden Sand Beach - Ad Duqqi,"Main Street, Ad Duqqi, Egypt",Beach,,Beach,Beach,Ad Duqqi,14,Egypt,3,North Africa,1,Africa,0,4.15769884753448
1422,49,Ancient Temple - Al Rehab,"Main Street, Al Rehab, Egypt",Temple,,Temple,Religious,Al Rehab,14,Egypt,3,North Africa,1,Africa,0,4.15769884753448
1423,49,Flea Market - Al Rehab,"Main Street, Al Rehab, Egypt",Market,,Market,Market,Al Rehab,14,Egypt,3,North Africa,1,Africa,0,4.15769884753448
1424,49,Botanical Garden - Al Rehab,"Main Street, Al Rehab, Egypt",Park,,Park,Park,Al Rehab,14,Egypt,3,North Africa,1,Africa,0,4.15769884753448
1425,49,Botanical Garden - Al Rehab,"Main Street, Al Rehab, Egypt",Park,,Park,Park,Al Rehab,14,Egypt,3,North Africa,1,Africa,0,4.15769884753448
1426,56,Flea Market - El Alamein,"Main Street, El Alamein, Egypt",Market,,Market,Market,El Alamein,14,Egypt,3,North Africa,1,Africa,0,4.15769884753448
1427,56,Local Bazaar - El Alamein,"Main Street, El Alamein, Egypt",Market,,Market,Market,El Alamein,14,Egypt,3,North Africa,1,Africa,0,4.15769884753448
1428,56,Grand Mosque - El Alamein,"Main Street, El Alamein, Egypt",Temple,,Temple,Religious,El Alamein,14,Egypt,3,North Africa,1,Africa,0,4.15769884753448
1429,56,History Museum - El Alamein,"Main Street, El Alamein, Egypt",Museum,,Museum,Museum,El Alamein,14,Egypt,3,North Africa,1,Africa,0,4.15769884753448
1430,73,Cathedral - Oujda,"Main Street, Oujda, Morocco",Temple,,Temple,Religious,Oujda,15,Morocco,3,North Africa,1,Africa,0,4.15769884753448
1431,73,Cultural Heritage Center - Oujda,"Main Street, Oujda, Morocco",Museum,,Museum,Museum,Oujda,15,Morocco,3,North Africa,1,Africa,0,4.15769884753448
1432,73,Grand Mosque - Oujda,"Main Street, Oujda, Morocco",Temple,,Temple,Religious,Oujda,15,Morocco,3,North Africa,1,Africa,0,4.15769884753448
1433,73,Crystal Bay - Oujda,"Main Street, Oujda, Morocco",Beach,,Beach,Beach,Oujda,15,Morocco,3,North Africa,1,Africa,0,4.15769884753448
1434,67,Farmers' Market - Chefchaouen,"Main Street, Chefchaouen, Morocco",Market,,Market,Market,Chefchaouen,15,Morocco,3,North Africa,1,Africa,0,4.15769884753448
1435,67,Art Gallery - Chefchaouen,"Main Street, Chefchaouen, Morocco",Museum,,Museum,Museum,Chefchaouen,15,Morocco,3,North Africa,1,Africa,0,4.15769884753448
1436,67,Art Gallery - Chefchaouen,"Main Street, Chefchaouen, Morocco",Museum,,Museum,Museum,Chefchaouen,15,Morocco,3,North Africa,1,Africa,0,4.15769884753448
1437,67,Art Gallery - Chefchaouen,"Main Street, Chefchaouen, Morocco",Museum,,Museum,Museum,Chefchaouen,15,Morocco,3,North Africa,1,Africa,0,4.15769884753448
1438,71,Sacred Shrine - Merzouga,"Main Street, Merzouga, Morocco",Temple,,Temple,Religious,Merzouga,15,Morocco,3,North Africa,1,Africa,0,4.15769884753448
1439,71,Sacred Shrine - Merzouga,"Main Street, Merzouga, Morocco",Temple,,Temple,Religious,Merzouga,15,Morocco,3,North Africa,1,Africa,0,4.15769884753448
1440,71,Wildlife Reserve - Merzouga,"Main Street, Merzouga, Morocco",Park,,Park,Park,Merzouga,15,Morocco,3,North Africa,1,Africa,0,4.15769884753448
1441,71,Art Gallery - Merzouga,"Main Street, Merzouga, Morocco",Museum,,Museum,Museum,Merzouga,15,Morocco,3,North Africa,1,Africa,0,4.15769884753448
1442,75,Science Museum - Bizerte,"Main Street, Bizerte, Tunisia",Museum,,Museum,Museum,Bizerte,16,Tunisia,3,North Africa,1,Africa,0,4.15769884753448
1443,75,Crystal Bay - Bizerte,"Main Street, Bizerte, Tunisia",Beach,,Beach,Beach,Bizerte,16,Tunisia,3,North Africa,1,Africa,0,4.15769884753448
1444,75,Art Gallery - Bizerte,"Main Street, Bizerte, Tunisia",Museum,,Museum,Museum,Bizerte,16,Tunisia,3,North Africa,1,Africa,0,4.15769884753448
1445,75,National Park - Bizerte,"Main Street, Bizerte, Tunisia",Park,,Park,Park,Bizerte,16,Tunisia,3,North Africa,1,Africa,0,4.15769884753448
1446,76,Art Gallery - Carthage,"Main Street, Carthage, Tunisia",Museum,,Museum,Museum,Carthage,16,Tunisia,3,North Africa,1,Africa,0,4.15769884753448
1447,76,Night Market - Carthage,"Main Street, Carthage, Tunisia",Market,,Market,Market,Carthage,16,Tunisia,3,North Africa,1,Africa,0,4.15769884753448
1448,76,Local Bazaar - Carthage,"Main Street, Carthage, Tunisia",Market,,Market,Market,Carthage,16,Tunisia,3,North Africa,1,Africa,0,4.15769884753448
1449,76,Ancient Temple - Carthage,"Main Street, Carthage, Tunisia",Temple,,Temple,Religious,Carthage,16,Tunisia,3,North Africa,1,Africa,0,4.15769884753448
1450,80,Crystal Bay - Tunis,"Main Street, Tunis, Tunisia",Beach,,Beach,Beach,Tunis,16,Tunisia,3,North Africa,1,Africa,0,4.15769884753448
1451,80,History Museum - Tunis,"Main Street, Tunis, Tunisia",Museum,,Museum,Museum,Tunis,16,Tunisia,3,North Africa,1,Africa,0,4.15769884753448
1452,80,Sunset Cove - Tunis,"Main Street, Tunis, Tunisia",Beach,,Beach,Beach,Tunis,16,Tunisia,3,North Africa,1,Africa,0,4.15769884753448
1453,80,Sacred Shrine - Tunis,"Main Street, Tunis, Tunisia",Temple,,Temple,Religious,Tunis,16,Tunisia,3,North Africa,1,Africa,0,4.15769884753448
1454,82,Grand Mosque - Luanda,"Main Street, Luanda, Angola",Temple,,Temple,Religious,Luanda,17,Angola,4,Southern Africa,1,Africa,0,4.15769884753448
1455,82,Sacred Shrine - Luanda,"Main Street, Luanda, Angola",Temple,,Temple,Religious,Luanda,17,Angola,4,Southern Africa,1,Africa,0,4.15769884753448
1456,82,Sunset Cove - Luanda,"Main Street, Luanda, Angola",Beach,,Beach,Beach,Luanda,17,Angola,4,Southern Africa,1,Africa,0,4.15769884753448
1457,82,Grand Mosque - Luanda,"Main Street, Luanda, Angola",Temple,,Temple,Religious,Luanda,17,Angola,4,Southern Africa,1,Africa,0,4.15769884753448
1458,84,Cathedral - Gaborone,"Main Street, Gaborone, Botswana",Temple,,Temple,Religious,Gaborone,18,Botswana,4,Southern Africa,1,Africa,0,4.15769884753448
1459,84,Sunset Cove - Gaborone,"Main Street, Gaborone, Botswana",Beach,,Beach,Beach,Gaborone,18,Botswana,4,Southern Africa,1,Africa,0,4.15769884753448
1460,84,Ancient Temple - Gaborone,"Main Street, Gaborone, Botswana",Temple,,Temple,Religious,Gaborone,18,Botswana,4,Southern Africa,1,Africa,0,4.15769884753448
1461,84,Art Gallery - Gaborone,"Main Street, Gaborone, Botswana",Museum,,Museum,Museum,Gaborone,18,Botswana,4,Southern Africa,1,Africa,0,4.15769884753448
1462,83,Science Museum - Botswana,"Main Street, Botswana, Botswana",Museum,,Museum,Museum,Botswana,18,Botswana,4,Southern Africa,1,Africa,0,4.15769884753448
1463,83,Cultural Heritage Center - Botswana,"Main Street, Botswana, Botswana",Museum,,Museum,Museum,Botswana,18,Botswana,4,Southern Africa,1,Africa,0,4.15769884753448
1464,83,Wildlife Reserve - Botswana,"Main Street, Botswana, Botswana",Park,,Park,Park,Botswana,18,Botswana,4,Southern Africa,1,Africa,0,4.15769884753448
1465,83,Sunset Cove - Botswana,"Main Street, Botswana, Botswana",Beach,,Beach,Beach,Botswana,18,Botswana,4,Southern Africa,1,Africa,0,4.15769884753448
1466,85,Cathedral - Chintheche,"Main Street, Chintheche, Malawi",Temple,,Temple,Religious,Chintheche,19,Malawi,4,Southern Africa,1,Africa,0,4.15769884753448
1467,85,Crystal Bay - Chintheche,"Main Street, Chintheche, Malawi",Beach,,Beach,Beach,Chintheche,19,Malawi,4,Southern Africa,1,Africa,0,4.15769884753448
1468,85,Wildlife Reserve - Chintheche,"Main Street, Chintheche, Malawi",Park,,Park,Park,Chintheche,19,Malawi,4,Southern Africa,1,Africa,0,4.15769884753448
1469,85,Cultural Heritage Center - Chintheche,"Main Street, Chintheche, Malawi",Museum,,Museum,Museum,Chintheche,19,Malawi,4,Southern Africa,1,Africa,0,4.15769884753448
1470,87,Cultural Heritage Center - Mozambique,"Main Street, Mozambique, Mozambique",Museum,,Museum,Museum,Mozambique,20,Mozambique,4,Southern Africa,1,Africa,0,4.15769884753448
1471,87,Flea Market - Mozambique,"Main Street, Mozambique, Mozambique",Market,,Market,Market,Mozambique,20,Mozambique,4,Southern Africa,1,Africa,0,4.15769884753448
1472,87,Golden Sand Beach - Mozambique,"Main Street, Mozambique, Mozambique",Beach,,Beach,Beach,Mozambique,20,Mozambique,4,Southern Africa,1,Africa,0,4.15769884753448
1473,87,Flea Market - Mozambique,"Main Street, Mozambique, Mozambique",Market,,Market,Market,Mozambique,20,Mozambique,4,Southern Africa,1,Africa,0,4.15769884753448
1474,89,Flea Market - Tofinho,"Main Street, Tofinho, Mozambique",Market,,Market,Market,Tofinho,20,Mozambique,4,Southern Africa,1,Africa,0,4.15769884753448
1475,89,Ancient Temple - Tofinho,"Main Street, Tofinho, Mozambique",Temple,,Temple,Religious,Tofinho,20,Mozambique,4,Southern Africa,1,Africa,0,4.15769884753448
1476,89,Cultural Heritage Center - Tofinho,"Main Street, Tofinho, Mozambique",Museum,,Museum,Museum,Tofinho,20,Mozambique,4,Southern Africa,1,Africa,0,4.15769884753448
1477,89,National Park - Tofinho,"Main Street, Tofinho, Mozambique",Park,,Park,Park,Tofinho,20,Mozambique,4,Southern Africa,1,Africa,0,4.15769884753448
1478,86,Paradise Beach - Maputo,"Main Street, Maputo, Mozambique",Beach,,Beach,Beach,Maputo,20,Mozambique,4,Southern Africa,1,Africa,0,4.15769884753448
1479,86,Paradise Beach - Maputo,"Main Street, Maputo, Mozambique",Beach,,Beach,Beach,Maputo,20,Mozambique,4,Southern Africa,1,Africa,0,4.15769884753448
1480,86,National Park - Maputo,"Main Street, Maputo, Mozambique",Park,,Park,Park,Maputo,20,Mozambique,4,Southern Africa,1,Africa,0,4.15769884753448
1481,86,Night Market - Maputo,"Main Street, Maputo, Mozambique",Market,,Market,Market,Maputo,20,Mozambique,4,Southern Africa,1,Africa,0,4.15769884753448
1482,90,Cultural Heritage Center - Swakopmund,"Main Street, Swakopmund, Namibia",Museum,,Museum,Museum,Swakopmund,21,Namibia,4,Southern Africa,1,Africa,0,4.15769884753448
1483,90,Farmers' Market - Swakopmund,"Main Street, Swakopmund, Namibia",Market,,Market,Market,Swakopmund,21,Namibia,4,Southern Africa,1,Africa,0,4.15769884753448
1484,90,Sunset Cove - Swakopmund,"Main Street, Swakopmund, Namibia",Beach,,Beach,Beach,Swakopmund,21,Namibia,4,Southern Africa,1,Africa,0,4.15769884753448
1485,90,Local Bazaar - Swakopmund,"Main Street, Swakopmund, Namibia",Market,,Market,Market,Swakopmund,21,Namibia,4,Southern Africa,1,Africa,0,4.15769884753448
1486,91,Science Museum - Walvis Bay,"Main Street, Walvis Bay, Namibia",Museum,,Museum,Museum,Walvis Bay,21,Namibia,4,Southern Africa,1,Africa,0,4.15769884753448
1487,91,Wildlife Reserve - Walvis Bay,"Main Street, Walvis Bay, Namibia",Park,,Park,Park,Walvis Bay,21,Namibia,4,Southern Africa,1,Africa,0,4.15769884753448
1488,91,Art Gallery - Walvis Bay,"Main Street, Walvis Bay, Namibia",Museum,,Museum,Museum,Walvis Bay,21,Namibia,4,Southern Africa,1,Africa,0,4.15769884753448
1489,91,Art Gallery - Walvis Bay,"Main Street, Walvis Bay, Namibia",Museum,,Museum,Museum,Walvis Bay,21,Namibia,4,Southern Africa,1,Africa,0,4.15769884753448
1490,92,Flea Market - Windhoek,"Main Street, Windhoek, Namibia",Market,,Market,Market,Windhoek,21,Namibia,4,Southern Africa,1,Africa,0,4.15769884753448
1491,92,Crystal Bay - Windhoek,"Main Street, Windhoek, Namibia",Beach,,Beach,Beach,Windhoek,21,Namibia,4,Southern Africa,1,Africa,0,4.15769884753448
1492,92,Science Museum - Windhoek,"Main Street, Windhoek, Namibia",Museum,,Museum,Museum,Windhoek,21,Namibia,4,Southern Africa,1,Africa,0,4.15769884753448
1493,92,Botanical Garden - Windhoek,"Main Street, Windhoek, Namibia",Park,,Park,Park,Windhoek,21,Namibia,4,Southern Africa,1,Africa,0,4.15769884753448
1494,137,Night Market - Johannesburg South,"Main Street, Johannesburg South, South Africa",Market,,Market,Market,Johannesburg South,22,South Africa,4,Southern Africa,1,Africa,0,4.15769884753448
1495,137,Wildlife Reserve - Johannesburg South,"Main Street, Johannesburg South, South Africa",Park,,Park,Park,Johannesburg South,22,South Africa,4,Southern Africa,1,Africa,0,4.15769884753448
1496,137,Crystal Bay - Johannesburg South,"Main Street, Johannesburg South, South Africa",Beach,,Beach,Beach,Johannesburg South,22,South Africa,4,Southern Africa,1,Africa,0,4.15769884753448
1497,137,Science Museum - Johannesburg South,"Main Street, Johannesburg South, South Africa",Museum,,Museum,Museum,Johannesburg South,22,South Africa,4,Southern Africa,1,Africa,0,4.15769884753448
1498,140,Art Gallery - Kemptonpark,"Main Street, Kemptonpark, South Africa",Museum,,Museum,Museum,Kemptonpark,22,South Africa,4,Southern Africa,1,Africa,0,4.15769884753448
1499,140,Wildlife Reserve - Kemptonpark,"Main Street, Kemptonpark, South Africa",Park,,Park,Park,Kemptonpark,22,South Africa,4,Southern Africa,1,Africa,0,4.15769884753448
1500,140,Cultural Heritage Center - Kemptonpark,"Main Street, Kemptonpark, South Africa",Museum,,Museum,Museum,Kemptonpark,22,South Africa,4,Southern Africa,1,Africa,0,4.15769884753448
1501,140,Cathedral - Kemptonpark,"Main Street, Kemptonpark, South Africa",Temple,,Temple,Religious,Kemptonpark,22,South Africa,4,Southern Africa,1,Africa,0,4.15769884753448
1502,97,National Park - Benoni,"Main Street, Benoni, South Africa",Park,,Park,Park,Benoni,22,South Africa,4,Southern Africa,1,Africa,0,4.15769884753448
1503,97,Eco Park - Benoni,"Main Street, Benoni, South Africa",Park,,Park,Park,Benoni,22,South Africa,4,Southern Africa,1,Africa,0,4.15769884753448
1504,97,Eco Park - Benoni,"Main Street, Benoni, South Africa",Park,,Park,Park,Benoni,22,South Africa,4,Southern Africa,1,Africa,0,4.15769884753448
1505,97,Eco Park - Benoni,"Main Street, Benoni, South Africa",Park,,Park,Park,Benoni,22,South Africa,4,Southern Africa,1,Africa,0,4.15769884753448
1506,213,Grand Mosque - Ouagadougou,"Main Street, Ouagadougou, Burkina Faso",Temple,,Temple,Religious,Ouagadougou,23,Burkina Faso,5,West Africa,1,Africa,0,4.15769884753448
1507,213,Art Gallery - Ouagadougou,"Main Street, Ouagadougou, Burkina Faso",Museum,,Museum,Museum,Ouagadougou,23,Burkina Faso,5,West Africa,1,Africa,0,4.15769884753448
1508,213,National Park - Ouagadougou,"Main Street, Ouagadougou, Burkina Faso",Park,,Park,Park,Ouagadougou,23,Burkina Faso,5,West Africa,1,Africa,0,4.15769884753448
1509,213,Night Market - Ouagadougou,"Main Street, Ouagadougou, Burkina Faso",Market,,Market,Market,Ouagadougou,23,Burkina Faso,5,West Africa,1,Africa,0,4.15769884753448
1510,214,Farmers' Market - Santa Maria,"Main Street, Santa Maria, Cape Verde",Market,,Market,Market,Santa Maria,24,Cape Verde,5,West Africa,1,Africa,0,4.15769884753448
1511,214,Local Bazaar - Santa Maria,"Main Street, Santa Maria, Cape Verde",Market,,Market,Market,Santa Maria,24,Cape Verde,5,West Africa,1,Africa,0,4.15769884753448
1512,214,Golden Sand Beach - Santa Maria,"Main Street, Santa Maria, Cape Verde",Beach,,Beach,Beach,Santa Maria,24,Cape Verde,5,West Africa,1,Africa,0,4.15769884753448
1513,214,Grand Mosque - Santa Maria,"Main Street, Santa Maria, Cape Verde",Temple,,Temple,Religious,Santa Maria,24,Cape Verde,5,West Africa,1,Africa,0,4.15769884753448
1514,215,Grand Mosque - Abidjan,"Main Street, Abidjan, Côte d'Ivoire",Temple,,Temple,Religious,Abidjan,25,Côte d'Ivoire,5,West Africa,1,Africa,0,4.15769884753448
1515,215,Golden Sand Beach - Abidjan,"Main Street, Abidjan, Côte d'Ivoire",Beach,,Beach,Beach,Abidjan,25,Côte d'Ivoire,5,West Africa,1,Africa,0,4.15769884753448
1516,215,Golden Sand Beach - Abidjan,"Main Street, Abidjan, Côte d'Ivoire",Beach,,Beach,Beach,Abidjan,25,Côte d'Ivoire,5,West Africa,1,Africa,0,4.15769884753448
1517,215,Wildlife Reserve - Abidjan,"Main Street, Abidjan, Côte d'Ivoire",Park,,Park,Park,Abidjan,25,Côte d'Ivoire,5,West Africa,1,Africa,0,4.15769884753448
1518,217,Night Market - Kumasi,"Main Street, Kumasi, Ghana",Market,,Market,Market,Kumasi,26,Ghana,5,West Africa,1,Africa,0,4.15769884753448
1519,217,Grand Mosque - Kumasi,"Main Street, Kumasi, Ghana",Temple,,Temple,Religious,Kumasi,26,Ghana,5,West Africa,1,Africa,0,4.15769884753448
1520,217,Local Bazaar - Kumasi,"Main Street, Kumasi, Ghana",Market,,Market,Market,Kumasi,26,Ghana,5,West Africa,1,Africa,0,4.15769884753448
1521,217,Crystal Bay - Kumasi,"Main Street, Kumasi, Ghana",Beach,,Beach,Beach,Kumasi,26,Ghana,5,West Africa,1,Africa,0,4.15769884753448
1522,216,National Park - Accra,"Main Street, Accra, Ghana",Park,,Park,Park,Accra,26,Ghana,5,West Africa,1,Africa,0,4.15769884753448
1523,216,Crystal Bay - Accra,"Main Street, Accra, Ghana",Beach,,Beach,Beach,Accra,26,Ghana,5,West Africa,1,Africa,0,4.15769884753448
1524,216,Farmers' Market - Accra,"Main Street, Accra, Ghana",Market,,Market,Market,Accra,26,Ghana,5,West Africa,1,Africa,0,4.15769884753448
1525,216,Cultural Heritage Center - Accra,"Main Street, Accra, Ghana",Museum,,Museum,Museum,Accra,26,Ghana,5,West Africa,1,Africa,0,4.15769884753448
1526,219,Eco Park - Ilorin,"Main Street, Ilorin, NIGERIA",Park,,Park,Park,Ilorin,27,NIGERIA,5,West Africa,1,Africa,0,4.15769884753448
1527,219,Flea Market - Ilorin,"Main Street, Ilorin, NIGERIA",Market,,Market,Market,Ilorin,27,NIGERIA,5,West Africa,1,Africa,0,4.15769884753448
1528,219,History Museum - Ilorin,"Main Street, Ilorin, NIGERIA",Museum,,Museum,Museum,Ilorin,27,NIGERIA,5,West Africa,1,Africa,0,4.15769884753448
1529,219,Farmers' Market - Ilorin,"Main Street, Ilorin, NIGERIA",Market,,Market,Market,Ilorin,27,NIGERIA,5,West Africa,1,Africa,0,4.15769884753448
1530,222,Cathedral - Port Harcourt,"Main Street, Port Harcourt, NIGERIA",Temple,,Temple,Religious,Port Harcourt,27,NIGERIA,5,West Africa,1,Africa,0,4.15769884753448
1531,222,Science Museum - Port Harcourt,"Main Street, Port Harcourt, NIGERIA",Museum,,Museum,Museum,Port Harcourt,27,NIGERIA,5,West Africa,1,Africa,0,4.15769884753448
1532,222,Flea Market - Port Harcourt,"Main Street, Port Harcourt, NIGERIA",Market,,Market,Market,Port Harcourt,27,NIGERIA,5,West Africa,1,Africa,0,4.15769884753448
1533,222,Art Gallery - Port Harcourt,"Main Street, Port Harcourt, NIGERIA",Museum,,Museum,Museum,Port Harcourt,27,NIGERIA,5,West Africa,1,Africa,0,4.15769884753448
1534,220,Night Market - Lagos,"Main Street, Lagos, NIGERIA",Market,,Market,Market,Lagos,27,NIGERIA,5,West Africa,1,Africa,0,4.15769884753448
1535,220,Eco Park - Lagos,"Main Street, Lagos, NIGERIA",Park,,Park,Park,Lagos,27,NIGERIA,5,West Africa,1,Africa,0,4.15769884753448
1536,220,Crystal Bay - Lagos,"Main Street, Lagos, NIGERIA",Beach,,Beach,Beach,Lagos,27,NIGERIA,5,West Africa,1,Africa,0,4.15769884753448
1537,220,Night Market - Lagos,"Main Street, Lagos, NIGERIA",Market,,Market,Market,Lagos,27,NIGERIA,5,West Africa,1,Africa,0,4.15769884753448
1538,224,National Park - Saly,"Main Street, Saly, Senegal",Park,,Park,Park,Saly,28,Senegal,5,West Africa,1,Africa,0,4.15769884753448
1539,224,Local Bazaar - Saly,"Main Street, Saly, Senegal",Market,,Market,Market,Saly,28,Senegal,5,West Africa,1,Africa,0,4.15769884753448
1540,224,Ancient Temple - Saly,"Main Street, Saly, Senegal",Temple,,Temple,Religious,Saly,28,Senegal,5,West Africa,1,Africa,0,4.15769884753448
1541,224,Wildlife Reserve - Saly,"Main Street, Saly, Senegal",Park,,Park,Park,Saly,28,Senegal,5,West Africa,1,Africa,0,4.15769884753448
1542,223,Paradise Beach - Dakar,"Main Street, Dakar, Senegal",Beach,,Beach,Beach,Dakar,28,Senegal,5,West Africa,1,Africa,0,4.15769884753448
1543,223,Local Bazaar - Dakar,"Main Street, Dakar, Senegal",Market,,Market,Market,Dakar,28,Senegal,5,West Africa,1,Africa,0,4.15769884753448
1544,223,Cathedral - Dakar,"Main Street, Dakar, Senegal",Temple,,Temple,Religious,Dakar,28,Senegal,5,West Africa,1,Africa,0,4.15769884753448
1545,223,Sacred Shrine - Dakar,"Main Street, Dakar, Senegal",Temple,,Temple,Religious,Dakar,28,Senegal,5,West Africa,1,Africa,0,4.15769884753448
1546,225,Local Bazaar - Antigua and Barbuda,"Main Street, Antigua and Barbuda, Antigua and Barbuda",Market,,Market,Market,Antigua and Barbuda,29,Antigua and Barbuda,6,Caribbean,2,America,0,4.15769884753448
1547,225,Botanical Garden - Antigua and Barbuda,"Main Street, Antigua and Barbuda, Antigua and Barbuda",Park,,Park,Park,Antigua and Barbuda,29,Antigua and Barbuda,6,Caribbean,2,America,0,4.15769884753448
1548,225,Local Bazaar - Antigua and Barbuda,"Main Street, Antigua and Barbuda, Antigua and Barbuda",Market,,Market,Market,Antigua and Barbuda,29,Antigua and Barbuda,6,Caribbean,2,America,0,4.15769884753448
1549,225,Wildlife Reserve - Antigua and Barbuda,"Main Street, Antigua and Barbuda, Antigua and Barbuda",Park,,Park,Park,Antigua and Barbuda,29,Antigua and Barbuda,6,Caribbean,2,America,0,4.15769884753448
1550,227,Night Market - New Providence Island,"Main Street, New Providence Island, Bahamas",Market,,Market,Market,New Providence Island,30,Bahamas,6,Caribbean,2,America,0,4.15769884753448
1551,227,Grand Mosque - New Providence Island,"Main Street, New Providence Island, Bahamas",Temple,,Temple,Religious,New Providence Island,30,Bahamas,6,Caribbean,2,America,0,4.15769884753448
1552,227,Night Market - New Providence Island,"Main Street, New Providence Island, Bahamas",Market,,Market,Market,New Providence Island,30,Bahamas,6,Caribbean,2,America,0,4.15769884753448
1553,227,Crystal Bay - New Providence Island,"Main Street, New Providence Island, Bahamas",Beach,,Beach,Beach,New Providence Island,30,Bahamas,6,Caribbean,2,America,0,4.15769884753448
1554,226,Cultural Heritage Center - Nassau,"Main Street, Nassau, Bahamas",Museum,,Museum,Museum,Nassau,30,Bahamas,6,Caribbean,2,America,0,4.15769884753448
1555,226,Cathedral - Nassau,"Main Street, Nassau, Bahamas",Temple,,Temple,Religious,Nassau,30,Bahamas,6,Caribbean,2,America,0,4.15769884753448
1556,226,Eco Park - Nassau,"Main Street, Nassau, Bahamas",Park,,Park,Park,Nassau,30,Bahamas,6,Caribbean,2,America,0,4.15769884753448
1557,226,Grand Mosque - Nassau,"Main Street, Nassau, Bahamas",Temple,,Temple,Religious,Nassau,30,Bahamas,6,Caribbean,2,America,0,4.15769884753448
1558,229,Wildlife Reserve - Saint Philip Parish,"Main Street, Saint Philip Parish, Barbados",Park,,Park,Park,Saint Philip Parish,31,Barbados,6,Caribbean,2,America,0,4.15769884753448
1559,229,Local Bazaar - Saint Philip Parish,"Main Street, Saint Philip Parish, Barbados",Market,,Market,Market,Saint Philip Parish,31,Barbados,6,Caribbean,2,America,0,4.15769884753448
1560,229,Science Museum - Saint Philip Parish,"Main Street, Saint Philip Parish, Barbados",Museum,,Museum,Museum,Saint Philip Parish,31,Barbados,6,Caribbean,2,America,0,4.15769884753448
1561,229,Golden Sand Beach - Saint Philip Parish,"Main Street, Saint Philip Parish, Barbados",Beach,,Beach,Beach,Saint Philip Parish,31,Barbados,6,Caribbean,2,America,0,4.15769884753448
1562,228,Cathedral - Bridgetown,"Main Street, Bridgetown, Barbados",Temple,,Temple,Religious,Bridgetown,31,Barbados,6,Caribbean,2,America,0,4.15769884753448
1563,228,Eco Park - Bridgetown,"Main Street, Bridgetown, Barbados",Park,,Park,Park,Bridgetown,31,Barbados,6,Caribbean,2,America,0,4.15769884753448
1564,228,National Park - Bridgetown,"Main Street, Bridgetown, Barbados",Park,,Park,Park,Bridgetown,31,Barbados,6,Caribbean,2,America,0,4.15769884753448
1565,228,Art Gallery - Bridgetown,"Main Street, Bridgetown, Barbados",Museum,,Museum,Museum,Bridgetown,31,Barbados,6,Caribbean,2,America,0,4.15769884753448
1566,230,History Museum - Cayman Island,"Main Street, Cayman Island, Cayman Island",Museum,,Museum,Museum,Cayman Island,32,Cayman Island,6,Caribbean,2,America,0,4.15769884753448
1567,230,Botanical Garden - Cayman Island,"Main Street, Cayman Island, Cayman Island",Park,,Park,Park,Cayman Island,32,Cayman Island,6,Caribbean,2,America,0,4.15769884753448
1568,230,Science Museum - Cayman Island,"Main Street, Cayman Island, Cayman Island",Museum,,Museum,Museum,Cayman Island,32,Cayman Island,6,Caribbean,2,America,0,4.15769884753448
1569,230,Art Gallery - Cayman Island,"Main Street, Cayman Island, Cayman Island",Museum,,Museum,Museum,Cayman Island,32,Cayman Island,6,Caribbean,2,America,0,4.15769884753448
1570,231,Science Museum - Havana,"Main Street, Havana, Cuba",Museum,,Museum,Museum,Havana,33,Cuba,6,Caribbean,2,America,0,4.15769884753448
1571,231,Farmers' Market - Havana,"Main Street, Havana, Cuba",Market,,Market,Market,Havana,33,Cuba,6,Caribbean,2,America,0,4.15769884753448
1572,231,Local Bazaar - Havana,"Main Street, Havana, Cuba",Market,,Market,Market,Havana,33,Cuba,6,Caribbean,2,America,0,4.15769884753448
1573,231,Art Gallery - Havana,"Main Street, Havana, Cuba",Museum,,Museum,Museum,Havana,33,Cuba,6,Caribbean,2,America,0,4.15769884753448
1574,232,Eco Park - CuraÃ§ao,"Main Street, CuraÃ§ao, Curacao",Park,,Park,Park,CuraÃ§ao,34,Curacao,6,Caribbean,2,America,0,4.15769884753448
1575,232,Local Bazaar - CuraÃ§ao,"Main Street, CuraÃ§ao, Curacao",Market,,Market,Market,CuraÃ§ao,34,Curacao,6,Caribbean,2,America,0,4.15769884753448
1576,232,Cathedral - CuraÃ§ao,"Main Street, CuraÃ§ao, Curacao",Temple,,Temple,Religious,CuraÃ§ao,34,Curacao,6,Caribbean,2,America,0,4.15769884753448
1577,232,Cultural Heritage Center - CuraÃ§ao,"Main Street, CuraÃ§ao, Curacao",Museum,,Museum,Museum,CuraÃ§ao,34,Curacao,6,Caribbean,2,America,0,4.15769884753448
1578,233,Cathedral - Curacao,"Main Street, Curacao, Curacao",Temple,,Temple,Religious,Curacao,34,Curacao,6,Caribbean,2,America,0,4.15769884753448
1579,233,Science Museum - Curacao,"Main Street, Curacao, Curacao",Museum,,Museum,Museum,Curacao,34,Curacao,6,Caribbean,2,America,0,4.15769884753448
1580,233,History Museum - Curacao,"Main Street, Curacao, Curacao",Museum,,Museum,Museum,Curacao,34,Curacao,6,Caribbean,2,America,0,4.15769884753448
1581,233,Cathedral - Curacao,"Main Street, Curacao, Curacao",Temple,,Temple,Religious,Curacao,34,Curacao,6,Caribbean,2,America,0,4.15769884753448
1582,234,Sacred Shrine - Willemstad,"Main Street, Willemstad, Curacao",Temple,,Temple,Religious,Willemstad,34,Curacao,6,Caribbean,2,America,0,4.15769884753448
1583,234,Flea Market - Willemstad,"Main Street, Willemstad, Curacao",Market,,Market,Market,Willemstad,34,Curacao,6,Caribbean,2,America,0,4.15769884753448
1584,234,Botanical Garden - Willemstad,"Main Street, Willemstad, Curacao",Park,,Park,Park,Willemstad,34,Curacao,6,Caribbean,2,America,0,4.15769884753448
1585,234,Local Bazaar - Willemstad,"Main Street, Willemstad, Curacao",Market,,Market,Market,Willemstad,34,Curacao,6,Caribbean,2,America,0,4.15769884753448
1586,235,Science Museum - Dominican Republic,"Main Street, Dominican Republic, Dominican Republic",Museum,,Museum,Museum,Dominican Republic,35,Dominican Republic,6,Caribbean,2,America,0,4.15769884753448
1587,235,Ancient Temple - Dominican Republic,"Main Street, Dominican Republic, Dominican Republic",Temple,,Temple,Religious,Dominican Republic,35,Dominican Republic,6,Caribbean,2,America,0,4.15769884753448
1588,235,Grand Mosque - Dominican Republic,"Main Street, Dominican Republic, Dominican Republic",Temple,,Temple,Religious,Dominican Republic,35,Dominican Republic,6,Caribbean,2,America,0,4.15769884753448
1589,235,National Park - Dominican Republic,"Main Street, Dominican Republic, Dominican Republic",Park,,Park,Park,Dominican Republic,35,Dominican Republic,6,Caribbean,2,America,0,4.15769884753448
1590,236,Flea Market - Punta Cana,"Main Street, Punta Cana, Dominican Republic",Market,,Market,Market,Punta Cana,35,Dominican Republic,6,Caribbean,2,America,0,4.15769884753448
1591,236,Paradise Beach - Punta Cana,"Main Street, Punta Cana, Dominican Republic",Beach,,Beach,Beach,Punta Cana,35,Dominican Republic,6,Caribbean,2,America,0,4.15769884753448
1592,236,Golden Sand Beach - Punta Cana,"Main Street, Punta Cana, Dominican Republic",Beach,,Beach,Beach,Punta Cana,35,Dominican Republic,6,Caribbean,2,America,0,4.15769884753448
1593,236,Flea Market - Punta Cana,"Main Street, Punta Cana, Dominican Republic",Market,,Market,Market,Punta Cana,35,Dominican Republic,6,Caribbean,2,America,0,4.15769884753448
1594,237,Cathedral - Santo Domingo,"Main Street, Santo Domingo, Dominican Republic",Temple,,Temple,Religious,Santo Domingo,35,Dominican Republic,6,Caribbean,2,America,0,4.15769884753448
1595,237,Botanical Garden - Santo Domingo,"Main Street, Santo Domingo, Dominican Republic",Park,,Park,Park,Santo Domingo,35,Dominican Republic,6,Caribbean,2,America,0,4.15769884753448
1596,237,Ancient Temple - Santo Domingo,"Main Street, Santo Domingo, Dominican Republic",Temple,,Temple,Religious,Santo Domingo,35,Dominican Republic,6,Caribbean,2,America,0,4.15769884753448
1597,237,Art Gallery - Santo Domingo,"Main Street, Santo Domingo, Dominican Republic",Museum,,Museum,Museum,Santo Domingo,35,Dominican Republic,6,Caribbean,2,America,0,4.15769884753448
1598,238,Farmers' Market - George Town,"Main Street, George Town, Grand Cayman",Market,,Market,Market,George Town,36,Grand Cayman,6,Caribbean,2,America,0,4.15769884753448
1599,238,National Park - George Town,"Main Street, George Town, Grand Cayman",Park,,Park,Park,George Town,36,Grand Cayman,6,Caribbean,2,America,0,4.15769884753448
1600,238,Flea Market - George Town,"Main Street, George Town, Grand Cayman",Market,,Market,Market,George Town,36,Grand Cayman,6,Caribbean,2,America,0,4.15769884753448
1601,238,Farmers' Market - George Town,"Main Street, George Town, Grand Cayman",Market,,Market,Market,George Town,36,Grand Cayman,6,Caribbean,2,America,0,4.15769884753448
1602,239,Farmers' Market - Grand Cayman,"Main Street, Grand Cayman, Grand Cayman",Market,,Market,Market,Grand Cayman,36,Grand Cayman,6,Caribbean,2,America,0,4.15769884753448
1603,239,Sunset Cove - Grand Cayman,"Main Street, Grand Cayman, Grand Cayman",Beach,,Beach,Beach,Grand Cayman,36,Grand Cayman,6,Caribbean,2,America,0,4.15769884753448
1604,239,Paradise Beach - Grand Cayman,"Main Street, Grand Cayman, Grand Cayman",Beach,,Beach,Beach,Grand Cayman,36,Grand Cayman,6,Caribbean,2,America,0,4.15769884753448
1605,239,History Museum - Grand Cayman,"Main Street, Grand Cayman, Grand Cayman",Museum,,Museum,Museum,Grand Cayman,36,Grand Cayman,6,Caribbean,2,America,0,4.15769884753448
1606,240,Crystal Bay - Seven Mile Beach,"Main Street, Seven Mile Beach, Grand Cayman",Beach,,Beach,Beach,Seven Mile Beach,36,Grand Cayman,6,Caribbean,2,America,0,4.15769884753448
1607,240,National Park - Seven Mile Beach,"Main Street, Seven Mile Beach, Grand Cayman",Park,,Park,Park,Seven Mile Beach,36,Grand Cayman,6,Caribbean,2,America,0,4.15769884753448
1608,240,Paradise Beach - Seven Mile Beach,"Main Street, Seven Mile Beach, Grand Cayman",Beach,,Beach,Beach,Seven Mile Beach,36,Grand Cayman,6,Caribbean,2,America,0,4.15769884753448
1609,240,Night Market - Seven Mile Beach,"Main Street, Seven Mile Beach, Grand Cayman",Market,,Market,Market,Seven Mile Beach,36,Grand Cayman,6,Caribbean,2,America,0,4.15769884753448
1610,242,Sunset Cove - Kingston,"Main Street, Kingston, Jamaica",Beach,,Beach,Beach,Kingston,37,Jamaica,6,Caribbean,2,America,0,4.15769884753448
1611,242,Art Gallery - Kingston,"Main Street, Kingston, Jamaica",Museum,,Museum,Museum,Kingston,37,Jamaica,6,Caribbean,2,America,0,4.15769884753448
1612,242,Sacred Shrine - Kingston,"Main Street, Kingston, Jamaica",Temple,,Temple,Religious,Kingston,37,Jamaica,6,Caribbean,2,America,0,4.15769884753448
1613,242,Art Gallery - Kingston,"Main Street, Kingston, Jamaica",Museum,,Museum,Museum,Kingston,37,Jamaica,6,Caribbean,2,America,0,4.15769884753448
1614,241,Cathedral - Bluefields,"Main Street, Bluefields, Jamaica",Temple,,Temple,Religious,Bluefields,37,Jamaica,6,Caribbean,2,America,0,4.15769884753448
1615,241,Grand Mosque - Bluefields,"Main Street, Bluefields, Jamaica",Temple,,Temple,Religious,Bluefields,37,Jamaica,6,Caribbean,2,America,0,4.15769884753448
1616,241,Local Bazaar - Bluefields,"Main Street, Bluefields, Jamaica",Market,,Market,Market,Bluefields,37,Jamaica,6,Caribbean,2,America,0,4.15769884753448
1617,241,Crystal Bay - Bluefields,"Main Street, Bluefields, Jamaica",Beach,,Beach,Beach,Bluefields,37,Jamaica,6,Caribbean,2,America,0,4.15769884753448
1618,244,Crystal Bay - Puerto Rico,"Main Street, Puerto Rico, Puerto Rico",Beach,,Beach,Beach,Puerto Rico,38,Puerto Rico,6,Caribbean,2,America,0,4.15769884753448
1619,244,Night Market - Puerto Rico,"Main Street, Puerto Rico, Puerto Rico",Market,,Market,Market,Puerto Rico,38,Puerto Rico,6,Caribbean,2,America,0,4.15769884753448
1620,244,Crystal Bay - Puerto Rico,"Main Street, Puerto Rico, Puerto Rico",Beach,,Beach,Beach,Puerto Rico,38,Puerto Rico,6,Caribbean,2,America,0,4.15769884753448
1621,244,Botanical Garden - Puerto Rico,"Main Street, Puerto Rico, Puerto Rico",Park,,Park,Park,Puerto Rico,38,Puerto Rico,6,Caribbean,2,America,0,4.15769884753448
1622,246,Sacred Shrine - San Juan,"Main Street, San Juan, Puerto Rico",Temple,,Temple,Religious,San Juan,38,Puerto Rico,6,Caribbean,2,America,0,4.15769884753448
1623,246,Crystal Bay - San Juan,"Main Street, San Juan, Puerto Rico",Beach,,Beach,Beach,San Juan,38,Puerto Rico,6,Caribbean,2,America,0,4.15769884753448
1624,246,Cultural Heritage Center - San Juan,"Main Street, San Juan, Puerto Rico",Museum,,Museum,Museum,San Juan,38,Puerto Rico,6,Caribbean,2,America,0,4.15769884753448
1625,246,Farmers' Market - San Juan,"Main Street, San Juan, Puerto Rico",Market,,Market,Market,San Juan,38,Puerto Rico,6,Caribbean,2,America,0,4.15769884753448
1626,243,Art Gallery - Carolina,"Main Street, Carolina, Puerto Rico",Museum,,Museum,Museum,Carolina,38,Puerto Rico,6,Caribbean,2,America,0,4.15769884753448
1627,243,National Park - Carolina,"Main Street, Carolina, Puerto Rico",Park,,Park,Park,Carolina,38,Puerto Rico,6,Caribbean,2,America,0,4.15769884753448
1628,243,Wildlife Reserve - Carolina,"Main Street, Carolina, Puerto Rico",Park,,Park,Park,Carolina,38,Puerto Rico,6,Caribbean,2,America,0,4.15769884753448
1629,243,Sacred Shrine - Carolina,"Main Street, Carolina, Puerto Rico",Temple,,Temple,Religious,Carolina,38,Puerto Rico,6,Caribbean,2,America,0,4.15769884753448
1630,248,History Museum - Philipsburg,"Main Street, Philipsburg, St Martin / St Maarten",Museum,,Museum,Museum,Philipsburg,39,St Martin / St Maarten,6,Caribbean,2,America,0,4.15769884753448
1631,248,Golden Sand Beach - Philipsburg,"Main Street, Philipsburg, St Martin / St Maarten",Beach,,Beach,Beach,Philipsburg,39,St Martin / St Maarten,6,Caribbean,2,America,0,4.15769884753448
1632,248,History Museum - Philipsburg,"Main Street, Philipsburg, St Martin / St Maarten",Museum,,Museum,Museum,Philipsburg,39,St Martin / St Maarten,6,Caribbean,2,America,0,4.15769884753448
1633,248,Wildlife Reserve - Philipsburg,"Main Street, Philipsburg, St Martin / St Maarten",Park,,Park,Park,Philipsburg,39,St Martin / St Maarten,6,Caribbean,2,America,0,4.15769884753448
1634,250,Cultural Heritage Center - St Martin / St Maarten,"Main Street, St Martin / St Maarten, St Martin / St Maarten",Museum,,Museum,Museum,St Martin / St Maarten,39,St Martin / St Maarten,6,Caribbean,2,America,0,4.15769884753448
1635,250,Cathedral - St Martin / St Maarten,"Main Street, St Martin / St Maarten, St Martin / St Maarten",Temple,,Temple,Religious,St Martin / St Maarten,39,St Martin / St Maarten,6,Caribbean,2,America,0,4.15769884753448
1636,250,Sacred Shrine - St Martin / St Maarten,"Main Street, St Martin / St Maarten, St Martin / St Maarten",Temple,,Temple,Religious,St Martin / St Maarten,39,St Martin / St Maarten,6,Caribbean,2,America,0,4.15769884753448
1637,250,Local Bazaar - St Martin / St Maarten,"Main Street, St Martin / St Maarten, St Martin / St Maarten",Market,,Market,Market,St Martin / St Maarten,39,St Martin / St Maarten,6,Caribbean,2,America,0,4.15769884753448
1638,247,Grand Mosque - Maho,"Main Street, Maho, St Martin / St Maarten",Temple,,Temple,Religious,Maho,39,St Martin / St Maarten,6,Caribbean,2,America,0,4.15769884753448
1639,247,Farmers' Market - Maho,"Main Street, Maho, St Martin / St Maarten",Market,,Market,Market,Maho,39,St Martin / St Maarten,6,Caribbean,2,America,0,4.15769884753448
1640,247,Science Museum - Maho,"Main Street, Maho, St Martin / St Maarten",Museum,,Museum,Museum,Maho,39,St Martin / St Maarten,6,Caribbean,2,America,0,4.15769884753448
1641,247,Sunset Cove - Maho,"Main Street, Maho, St Martin / St Maarten",Beach,,Beach,Beach,Maho,39,St Martin / St Maarten,6,Caribbean,2,America,0,4.15769884753448
1642,252,Night Market - Port of Spain,"Main Street, Port of Spain, Trinidad and Tobago",Market,,Market,Market,Port of Spain,40,Trinidad and Tobago,6,Caribbean,2,America,0,4.15769884753448
1643,252,History Museum - Port of Spain,"Main Street, Port of Spain, Trinidad and Tobago",Museum,,Museum,Museum,Port of Spain,40,Trinidad and Tobago,6,Caribbean,2,America,0,4.15769884753448
1644,252,Flea Market - Port of Spain,"Main Street, Port of Spain, Trinidad and Tobago",Market,,Market,Market,Port of Spain,40,Trinidad and Tobago,6,Caribbean,2,America,0,4.15769884753448
1645,252,Cathedral - Port of Spain,"Main Street, Port of Spain, Trinidad and Tobago",Temple,,Temple,Religious,Port of Spain,40,Trinidad and Tobago,6,Caribbean,2,America,0,4.15769884753448
1646,254,Cultural Heritage Center - TRINIDAD AND TOBAGO,"Main Street, TRINIDAD AND TOBAGO, Trinidad and Tobago",Museum,,Museum,Museum,TRINIDAD AND TOBAGO,40,Trinidad and Tobago,6,Caribbean,2,America,0,4.15769884753448
1647,254,Sacred Shrine - TRINIDAD AND TOBAGO,"Main Street, TRINIDAD AND TOBAGO, Trinidad and Tobago",Temple,,Temple,Religious,TRINIDAD AND TOBAGO,40,Trinidad and Tobago,6,Caribbean,2,America,0,4.15769884753448
1648,254,Local Bazaar - TRINIDAD AND TOBAGO,"Main Street, TRINIDAD AND TOBAGO, Trinidad and Tobago",Market,,Market,Market,TRINIDAD AND TOBAGO,40,Trinidad and Tobago,6,Caribbean,2,America,0,4.15769884753448
1649,254,Farmers' Market - TRINIDAD AND TOBAGO,"Main Street, TRINIDAD AND TOBAGO, Trinidad and Tobago",Market,,Market,Market,TRINIDAD AND TOBAGO,40,Trinidad and Tobago,6,Caribbean,2,America,0,4.15769884753448
1650,251,Ancient Temple - Diego Martin,"Main Street, Diego Martin, Trinidad and Tobago",Temple,,Temple,Religious,Diego Martin,40,Trinidad and Tobago,6,Caribbean,2,America,0,4.15769884753448
1651,251,Wildlife Reserve - Diego Martin,"Main Street, Diego Martin, Trinidad and Tobago",Park,,Park,Park,Diego Martin,40,Trinidad and Tobago,6,Caribbean,2,America,0,4.15769884753448
1652,251,Ancient Temple - Diego Martin,"Main Street, Diego Martin, Trinidad and Tobago",Temple,,Temple,Religious,Diego Martin,40,Trinidad and Tobago,6,Caribbean,2,America,0,4.15769884753448
1653,251,History Museum - Diego Martin,"Main Street, Diego Martin, Trinidad and Tobago",Museum,,Museum,Museum,Diego Martin,40,Trinidad and Tobago,6,Caribbean,2,America,0,4.15769884753448
1654,256,Paradise Beach - The Bight Settlement,"Main Street, The Bight Settlement, Turks and Caicos Islands",Beach,,Beach,Beach,The Bight Settlement,41,Turks and Caicos Islands,6,Caribbean,2,America,0,4.15769884753448
1655,256,History Museum - The Bight Settlement,"Main Street, The Bight Settlement, Turks and Caicos Islands",Museum,,Museum,Museum,The Bight Settlement,41,Turks and Caicos Islands,6,Caribbean,2,America,0,4.15769884753448
1656,256,Paradise Beach - The Bight Settlement,"Main Street, The Bight Settlement, Turks and Caicos Islands",Beach,,Beach,Beach,The Bight Settlement,41,Turks and Caicos Islands,6,Caribbean,2,America,0,4.15769884753448
1657,256,Paradise Beach - The Bight Settlement,"Main Street, The Bight Settlement, Turks and Caicos Islands",Beach,,Beach,Beach,The Bight Settlement,41,Turks and Caicos Islands,6,Caribbean,2,America,0,4.15769884753448
1658,255,Science Museum - Providenciales,"Main Street, Providenciales, Turks and Caicos Islands",Museum,,Museum,Museum,Providenciales,41,Turks and Caicos Islands,6,Caribbean,2,America,0,4.15769884753448
1659,255,Cathedral - Providenciales,"Main Street, Providenciales, Turks and Caicos Islands",Temple,,Temple,Religious,Providenciales,41,Turks and Caicos Islands,6,Caribbean,2,America,0,4.15769884753448
1660,255,Night Market - Providenciales,"Main Street, Providenciales, Turks and Caicos Islands",Market,,Market,Market,Providenciales,41,Turks and Caicos Islands,6,Caribbean,2,America,0,4.15769884753448
1661,255,Golden Sand Beach - Providenciales,"Main Street, Providenciales, Turks and Caicos Islands",Beach,,Beach,Beach,Providenciales,41,Turks and Caicos Islands,6,Caribbean,2,America,0,4.15769884753448
1662,258,Paradise Beach - Caye Caulker,"Main Street, Caye Caulker, Belize",Beach,,Beach,Beach,Caye Caulker,42,Belize,7,Central America,2,America,0,4.15769884753448
1663,258,Ancient Temple - Caye Caulker,"Main Street, Caye Caulker, Belize",Temple,,Temple,Religious,Caye Caulker,42,Belize,7,Central America,2,America,0,4.15769884753448
1664,258,Local Bazaar - Caye Caulker,"Main Street, Caye Caulker, Belize",Market,,Market,Market,Caye Caulker,42,Belize,7,Central America,2,America,0,4.15769884753448
1665,258,Night Market - Caye Caulker,"Main Street, Caye Caulker, Belize",Market,,Market,Market,Caye Caulker,42,Belize,7,Central America,2,America,0,4.15769884753448
1666,260,Paradise Beach - San Ignacio,"Main Street, San Ignacio, Belize",Beach,,Beach,Beach,San Ignacio,42,Belize,7,Central America,2,America,0,4.15769884753448
1667,260,Cultural Heritage Center - San Ignacio,"Main Street, San Ignacio, Belize",Museum,,Museum,Museum,San Ignacio,42,Belize,7,Central America,2,America,0,4.15769884753448
1668,260,Wildlife Reserve - San Ignacio,"Main Street, San Ignacio, Belize",Park,,Park,Park,San Ignacio,42,Belize,7,Central America,2,America,0,4.15769884753448
1669,260,Sacred Shrine - San Ignacio,"Main Street, San Ignacio, Belize",Temple,,Temple,Religious,San Ignacio,42,Belize,7,Central America,2,America,0,4.15769884753448
1670,257,Botanical Garden - belize,"Main Street, belize, Belize",Park,,Park,Park,belize,42,Belize,7,Central America,2,America,0,4.15769884753448
1671,257,Cathedral - belize,"Main Street, belize, Belize",Temple,,Temple,Religious,belize,42,Belize,7,Central America,2,America,0,4.15769884753448
1672,257,Science Museum - belize,"Main Street, belize, Belize",Museum,,Museum,Museum,belize,42,Belize,7,Central America,2,America,0,4.15769884753448
1673,257,Golden Sand Beach - belize,"Main Street, belize, Belize",Beach,,Beach,Beach,belize,42,Belize,7,Central America,2,America,0,4.15769884753448
1674,269,Grand Mosque - Manuel Antonio,"Main Street, Manuel Antonio, Costa Rica",Temple,,Temple,Religious,Manuel Antonio,43,Costa Rica,7,Central America,2,America,0,4.15769884753448
1675,269,History Museum - Manuel Antonio,"Main Street, Manuel Antonio, Costa Rica",Museum,,Museum,Museum,Manuel Antonio,43,Costa Rica,7,Central America,2,America,0,4.15769884753448
1676,269,Wildlife Reserve - Manuel Antonio,"Main Street, Manuel Antonio, Costa Rica",Park,,Park,Park,Manuel Antonio,43,Costa Rica,7,Central America,2,America,0,4.15769884753448
1677,269,National Park - Manuel Antonio,"Main Street, Manuel Antonio, Costa Rica",Park,,Park,Park,Manuel Antonio,43,Costa Rica,7,Central America,2,America,0,4.15769884753448
1678,277,Grand Mosque - Playa Samara,"Main Street, Playa Samara, Costa Rica",Temple,,Temple,Religious,Playa Samara,43,Costa Rica,7,Central America,2,America,0,4.15769884753448
1679,277,Wildlife Reserve - Playa Samara,"Main Street, Playa Samara, Costa Rica",Park,,Park,Park,Playa Samara,43,Costa Rica,7,Central America,2,America,0,4.15769884753448
1680,277,History Museum - Playa Samara,"Main Street, Playa Samara, Costa Rica",Museum,,Museum,Museum,Playa Samara,43,Costa Rica,7,Central America,2,America,0,4.15769884753448
1681,277,Paradise Beach - Playa Samara,"Main Street, Playa Samara, Costa Rica",Beach,,Beach,Beach,Playa Samara,43,Costa Rica,7,Central America,2,America,0,4.15769884753448
1682,261,Art Gallery - Arenal Volcano National Park,"Main Street, Arenal Volcano National Park, Costa Rica",Museum,,Museum,Museum,Arenal Volcano National Park,43,Costa Rica,7,Central America,2,America,0,4.15769884753448
1683,261,Eco Park - Arenal Volcano National Park,"Main Street, Arenal Volcano National Park, Costa Rica",Park,,Park,Park,Arenal Volcano National Park,43,Costa Rica,7,Central America,2,America,0,4.15769884753448
1684,261,Farmers' Market - Arenal Volcano National Park,"Main Street, Arenal Volcano National Park, Costa Rica",Market,,Market,Market,Arenal Volcano National Park,43,Costa Rica,7,Central America,2,America,0,4.15769884753448
1685,261,Science Museum - Arenal Volcano National Park,"Main Street, Arenal Volcano National Park, Costa Rica",Museum,,Museum,Museum,Arenal Volcano National Park,43,Costa Rica,7,Central America,2,America,0,4.15769884753448
1686,286,Flea Market - El Remate,"Main Street, El Remate, Guatemala",Market,,Market,Market,El Remate,44,Guatemala,7,Central America,2,America,0,4.15769884753448
1687,286,Night Market - El Remate,"Main Street, El Remate, Guatemala",Market,,Market,Market,El Remate,44,Guatemala,7,Central America,2,America,0,4.15769884753448
1688,286,Local Bazaar - El Remate,"Main Street, El Remate, Guatemala",Market,,Market,Market,El Remate,44,Guatemala,7,Central America,2,America,0,4.15769884753448
1689,286,Local Bazaar - El Remate,"Main Street, El Remate, Guatemala",Market,,Market,Market,El Remate,44,Guatemala,7,Central America,2,America,0,4.15769884753448
1690,289,History Museum - San Pedro La Laguna,"Main Street, San Pedro La Laguna, Guatemala",Museum,,Museum,Museum,San Pedro La Laguna,44,Guatemala,7,Central America,2,America,0,4.15769884753448
1691,289,Paradise Beach - San Pedro La Laguna,"Main Street, San Pedro La Laguna, Guatemala",Beach,,Beach,Beach,San Pedro La Laguna,44,Guatemala,7,Central America,2,America,0,4.15769884753448
1692,289,Flea Market - San Pedro La Laguna,"Main Street, San Pedro La Laguna, Guatemala",Market,,Market,Market,San Pedro La Laguna,44,Guatemala,7,Central America,2,America,0,4.15769884753448
1693,289,Paradise Beach - San Pedro La Laguna,"Main Street, San Pedro La Laguna, Guatemala",Beach,,Beach,Beach,San Pedro La Laguna,44,Guatemala,7,Central America,2,America,0,4.15769884753448
1694,287,Crystal Bay - Guatemala,"Main Street, Guatemala, Guatemala",Beach,,Beach,Beach,Guatemala,44,Guatemala,7,Central America,2,America,0,4.15769884753448
1695,287,Farmers' Market - Guatemala,"Main Street, Guatemala, Guatemala",Market,,Market,Market,Guatemala,44,Guatemala,7,Central America,2,America,0,4.15769884753448
1696,287,Ancient Temple - Guatemala,"Main Street, Guatemala, Guatemala",Temple,,Temple,Religious,Guatemala,44,Guatemala,7,Central America,2,America,0,4.15769884753448
1697,287,Science Museum - Guatemala,"Main Street, Guatemala, Guatemala",Museum,,Museum,Museum,Guatemala,44,Guatemala,7,Central America,2,America,0,4.15769884753448
1698,291,Sacred Shrine - Roatan,"Main Street, Roatan, Honduras",Temple,,Temple,Religious,Roatan,45,Honduras,7,Central America,2,America,0,4.15769884753448
1699,291,Eco Park - Roatan,"Main Street, Roatan, Honduras",Park,,Park,Park,Roatan,45,Honduras,7,Central America,2,America,0,4.15769884753448
1700,291,National Park - Roatan,"Main Street, Roatan, Honduras",Park,,Park,Park,Roatan,45,Honduras,7,Central America,2,America,0,4.15769884753448
1701,291,Grand Mosque - Roatan,"Main Street, Roatan, Honduras",Temple,,Temple,Religious,Roatan,45,Honduras,7,Central America,2,America,0,4.15769884753448
1702,290,Flea Market - goprohonduras,"Main Street, goprohonduras, Honduras",Market,,Market,Market,goprohonduras,45,Honduras,7,Central America,2,America,0,4.15769884753448
1703,290,Eco Park - goprohonduras,"Main Street, goprohonduras, Honduras",Park,,Park,Park,goprohonduras,45,Honduras,7,Central America,2,America,0,4.15769884753448
1704,290,Eco Park - goprohonduras,"Main Street, goprohonduras, Honduras",Park,,Park,Park,goprohonduras,45,Honduras,7,Central America,2,America,0,4.15769884753448
1705,290,Cultural Heritage Center - goprohonduras,"Main Street, goprohonduras, Honduras",Museum,,Museum,Museum,goprohonduras,45,Honduras,7,Central America,2,America,0,4.15769884753448
1706,293,Flea Market - Leon,"Main Street, Leon, Nicaragua",Market,,Market,Market,Leon,46,Nicaragua,7,Central America,2,America,0,4.15769884753448
1707,293,Cathedral - Leon,"Main Street, Leon, Nicaragua",Temple,,Temple,Religious,Leon,46,Nicaragua,7,Central America,2,America,0,4.15769884753448
1708,293,Eco Park - Leon,"Main Street, Leon, Nicaragua",Park,,Park,Park,Leon,46,Nicaragua,7,Central America,2,America,0,4.15769884753448
1709,293,Sacred Shrine - Leon,"Main Street, Leon, Nicaragua",Temple,,Temple,Religious,Leon,46,Nicaragua,7,Central America,2,America,0,4.15769884753448
1710,295,Sacred Shrine - San Juan del Sur,"Main Street, San Juan del Sur, Nicaragua",Temple,,Temple,Religious,San Juan del Sur,46,Nicaragua,7,Central America,2,America,0,4.15769884753448
1711,295,Golden Sand Beach - San Juan del Sur,"Main Street, San Juan del Sur, Nicaragua",Beach,,Beach,Beach,San Juan del Sur,46,Nicaragua,7,Central America,2,America,0,4.15769884753448
1712,295,Paradise Beach - San Juan del Sur,"Main Street, San Juan del Sur, Nicaragua",Beach,,Beach,Beach,San Juan del Sur,46,Nicaragua,7,Central America,2,America,0,4.15769884753448
1713,295,Science Museum - San Juan del Sur,"Main Street, San Juan del Sur, Nicaragua",Museum,,Museum,Museum,San Juan del Sur,46,Nicaragua,7,Central America,2,America,0,4.15769884753448
1714,292,Cultural Heritage Center - Granada,"Main Street, Granada, Nicaragua",Museum,,Museum,Museum,Granada,46,Nicaragua,7,Central America,2,America,0,4.15769884753448
1715,292,Eco Park - Granada,"Main Street, Granada, Nicaragua",Park,,Park,Park,Granada,46,Nicaragua,7,Central America,2,America,0,4.15769884753448
1716,292,Golden Sand Beach - Granada,"Main Street, Granada, Nicaragua",Beach,,Beach,Beach,Granada,46,Nicaragua,7,Central America,2,America,0,4.15769884753448
1717,292,Wildlife Reserve - Granada,"Main Street, Granada, Nicaragua",Park,,Park,Park,Granada,46,Nicaragua,7,Central America,2,America,0,4.15769884753448
1718,297,History Museum - Colon,"Main Street, Colon, Panama",Museum,,Museum,Museum,Colon,47,Panama,7,Central America,2,America,0,4.15769884753448
1719,297,Golden Sand Beach - Colon,"Main Street, Colon, Panama",Beach,,Beach,Beach,Colon,47,Panama,7,Central America,2,America,0,4.15769884753448
1720,297,Paradise Beach - Colon,"Main Street, Colon, Panama",Beach,,Beach,Beach,Colon,47,Panama,7,Central America,2,America,0,4.15769884753448
1721,297,Botanical Garden - Colon,"Main Street, Colon, Panama",Park,,Park,Park,Colon,47,Panama,7,Central America,2,America,0,4.15769884753448
1722,300,History Museum - Penonome,"Main Street, Penonome, Panama",Museum,,Museum,Museum,Penonome,47,Panama,7,Central America,2,America,0,4.15769884753448
1723,300,Ancient Temple - Penonome,"Main Street, Penonome, Panama",Temple,,Temple,Religious,Penonome,47,Panama,7,Central America,2,America,0,4.15769884753448
1724,300,National Park - Penonome,"Main Street, Penonome, Panama",Park,,Park,Park,Penonome,47,Panama,7,Central America,2,America,0,4.15769884753448
1725,300,Crystal Bay - Penonome,"Main Street, Penonome, Panama",Beach,,Beach,Beach,Penonome,47,Panama,7,Central America,2,America,0,4.15769884753448
1726,298,Sacred Shrine - Panama,"Main Street, Panama, Panama",Temple,,Temple,Religious,Panama,47,Panama,7,Central America,2,America,0,4.15769884753448
1727,298,Flea Market - Panama,"Main Street, Panama, Panama",Market,,Market,Market,Panama,47,Panama,7,Central America,2,America,0,4.15769884753448
1728,298,Flea Market - Panama,"Main Street, Panama, Panama",Market,,Market,Market,Panama,47,Panama,7,Central America,2,America,0,4.15769884753448
1729,298,Cultural Heritage Center - Panama,"Main Street, Panama, Panama",Museum,,Museum,Museum,Panama,47,Panama,7,Central America,2,America,0,4.15769884753448
1730,310,Cultural Heritage Center - Antigonish,"Main Street, Antigonish, Canada",Museum,,Museum,Museum,Antigonish,48,Canada,8,Northern America,2,America,0,4.15769884753448
1731,310,Grand Mosque - Antigonish,"Main Street, Antigonish, Canada",Temple,,Temple,Religious,Antigonish,48,Canada,8,Northern America,2,America,0,4.15769884753448
1732,310,Sacred Shrine - Antigonish,"Main Street, Antigonish, Canada",Temple,,Temple,Religious,Antigonish,48,Canada,8,Northern America,2,America,0,4.15769884753448
1733,310,Golden Sand Beach - Antigonish,"Main Street, Antigonish, Canada",Beach,,Beach,Beach,Antigonish,48,Canada,8,Northern America,2,America,0,4.15769884753448
1734,547,Art Gallery - Trail,"Main Street, Trail, Canada",Museum,,Museum,Museum,Trail,48,Canada,8,Northern America,2,America,0,4.15769884753448
1735,547,Sacred Shrine - Trail,"Main Street, Trail, Canada",Temple,,Temple,Religious,Trail,48,Canada,8,Northern America,2,America,0,4.15769884753448
1736,547,Cathedral - Trail,"Main Street, Trail, Canada",Temple,,Temple,Religious,Trail,48,Canada,8,Northern America,2,America,0,4.15769884753448
1737,547,History Museum - Trail,"Main Street, Trail, Canada",Museum,,Museum,Museum,Trail,48,Canada,8,Northern America,2,America,0,4.15769884753448
1738,440,Cathedral - MontrÃ©al,"Main Street, MontrÃ©al, Canada",Temple,,Temple,Religious,MontrÃ©al,48,Canada,8,Northern America,2,America,0,4.15769884753448
1739,440,Golden Sand Beach - MontrÃ©al,"Main Street, MontrÃ©al, Canada",Beach,,Beach,Beach,MontrÃ©al,48,Canada,8,Northern America,2,America,0,4.15769884753448
1740,440,National Park - MontrÃ©al,"Main Street, MontrÃ©al, Canada",Park,,Park,Park,MontrÃ©al,48,Canada,8,Northern America,2,America,0,4.15769884753448
1741,440,Golden Sand Beach - MontrÃ©al,"Main Street, MontrÃ©al, Canada",Beach,,Beach,Beach,MontrÃ©al,48,Canada,8,Northern America,2,America,0,4.15769884753448
1742,584,Eco Park - Greenland,"Main Street, Greenland, Greenland",Park,,Park,Park,Greenland,49,Greenland,8,Northern America,2,America,0,4.15769884753448
1743,584,Paradise Beach - Greenland,"Main Street, Greenland, Greenland",Beach,,Beach,Beach,Greenland,49,Greenland,8,Northern America,2,America,0,4.15769884753448
1744,584,Botanical Garden - Greenland,"Main Street, Greenland, Greenland",Park,,Park,Park,Greenland,49,Greenland,8,Northern America,2,America,0,4.15769884753448
1745,584,National Park - Greenland,"Main Street, Greenland, Greenland",Park,,Park,Park,Greenland,49,Greenland,8,Northern America,2,America,0,4.15769884753448
1746,604,National Park - Ixtapa-Zihuatanejo-Guerrero,"Main Street, Ixtapa-Zihuatanejo-Guerrero, Mexico",Park,,Park,Park,Ixtapa-Zihuatanejo-Guerrero,50,Mexico,8,Northern America,2,America,0,4.15769884753448
1747,604,Cathedral - Ixtapa-Zihuatanejo-Guerrero,"Main Street, Ixtapa-Zihuatanejo-Guerrero, Mexico",Temple,,Temple,Religious,Ixtapa-Zihuatanejo-Guerrero,50,Mexico,8,Northern America,2,America,0,4.15769884753448
1748,604,Flea Market - Ixtapa-Zihuatanejo-Guerrero,"Main Street, Ixtapa-Zihuatanejo-Guerrero, Mexico",Market,,Market,Market,Ixtapa-Zihuatanejo-Guerrero,50,Mexico,8,Northern America,2,America,0,4.15769884753448
1749,604,Cathedral - Ixtapa-Zihuatanejo-Guerrero,"Main Street, Ixtapa-Zihuatanejo-Guerrero, Mexico",Temple,,Temple,Religious,Ixtapa-Zihuatanejo-Guerrero,50,Mexico,8,Northern America,2,America,0,4.15769884753448
1750,634,Grand Mosque - Tuxtla Gutierrez,"Main Street, Tuxtla Gutierrez, Mexico",Temple,,Temple,Religious,Tuxtla Gutierrez,50,Mexico,8,Northern America,2,America,0,4.15769884753448
1751,634,Art Gallery - Tuxtla Gutierrez,"Main Street, Tuxtla Gutierrez, Mexico",Museum,,Museum,Museum,Tuxtla Gutierrez,50,Mexico,8,Northern America,2,America,0,4.15769884753448
1752,634,Ancient Temple - Tuxtla Gutierrez,"Main Street, Tuxtla Gutierrez, Mexico",Temple,,Temple,Religious,Tuxtla Gutierrez,50,Mexico,8,Northern America,2,America,0,4.15769884753448
1753,634,Botanical Garden - Tuxtla Gutierrez,"Main Street, Tuxtla Gutierrez, Mexico",Park,,Park,Park,Tuxtla Gutierrez,50,Mexico,8,Northern America,2,America,0,4.15769884753448
1754,633,Paradise Beach - Tulum,"Main Street, Tulum, Mexico",Beach,,Beach,Beach,Tulum,50,Mexico,8,Northern America,2,America,0,4.15769884753448
1755,633,Ancient Temple - Tulum,"Main Street, Tulum, Mexico",Temple,,Temple,Religious,Tulum,50,Mexico,8,Northern America,2,America,0,4.15769884753448
1756,633,History Museum - Tulum,"Main Street, Tulum, Mexico",Museum,,Museum,Museum,Tulum,50,Mexico,8,Northern America,2,America,0,4.15769884753448
1757,633,Sacred Shrine - Tulum,"Main Street, Tulum, Mexico",Temple,,Temple,Religious,Tulum,50,Mexico,8,Northern America,2,America,0,4.15769884753448
1758,1217,Night Market - Incline Village,"Main Street, Incline Village, United States",Market,,Market,Market,Incline Village,51,United States,8,Northern America,2,America,0,4.15769884753448
1759,1217,Art Gallery - Incline Village,"Main Street, Incline Village, United States",Museum,,Museum,Museum,Incline Village,51,United States,8,Northern America,2,America,0,4.15769884753448
1760,1217,Crystal Bay - Incline Village,"Main Street, Incline Village, United States",Beach,,Beach,Beach,Incline Village,51,United States,8,Northern America,2,America,0,4.15769884753448
1761,1217,Science Museum - Incline Village,"Main Street, Incline Village, United States",Museum,,Museum,Museum,Incline Village,51,United States,8,Northern America,2,America,0,4.15769884753448
1762,1785,Local Bazaar - Safety Harbor,"Main Street, Safety Harbor, United States",Market,,Market,Market,Safety Harbor,51,United States,8,Northern America,2,America,0,4.15769884753448
1763,1785,History Museum - Safety Harbor,"Main Street, Safety Harbor, United States",Museum,,Museum,Museum,Safety Harbor,51,United States,8,Northern America,2,America,0,4.15769884753448
1764,1785,National Park - Safety Harbor,"Main Street, Safety Harbor, United States",Park,,Park,Park,Safety Harbor,51,United States,8,Northern America,2,America,0,4.15769884753448
1765,1785,Science Museum - Safety Harbor,"Main Street, Safety Harbor, United States",Museum,,Museum,Museum,Safety Harbor,51,United States,8,Northern America,2,America,0,4.15769884753448
1766,1021,Sacred Shrine - Evansville,"Main Street, Evansville, United States",Temple,,Temple,Religious,Evansville,51,United States,8,Northern America,2,America,0,4.15769884753448
1767,1021,Wildlife Reserve - Evansville,"Main Street, Evansville, United States",Park,,Park,Park,Evansville,51,United States,8,Northern America,2,America,0,4.15769884753448
1768,1021,Art Gallery - Evansville,"Main Street, Evansville, United States",Museum,,Museum,Museum,Evansville,51,United States,8,Northern America,2,America,0,4.15769884753448
1769,1021,Golden Sand Beach - Evansville,"Main Street, Evansville, United States",Beach,,Beach,Beach,Evansville,51,United States,8,Northern America,2,America,0,4.15769884753448
1770,2159,Cathedral - San Carlos de Bariloche,"Main Street, San Carlos de Bariloche, Argentina",Temple,,Temple,Religious,San Carlos de Bariloche,52,Argentina,9,South America,2,America,0,4.15769884753448
1771,2159,Cathedral - San Carlos de Bariloche,"Main Street, San Carlos de Bariloche, Argentina",Temple,,Temple,Religious,San Carlos de Bariloche,52,Argentina,9,South America,2,America,0,4.15769884753448
1772,2159,Eco Park - San Carlos de Bariloche,"Main Street, San Carlos de Bariloche, Argentina",Park,,Park,Park,San Carlos de Bariloche,52,Argentina,9,South America,2,America,0,4.15769884753448
1773,2159,Wildlife Reserve - San Carlos de Bariloche,"Main Street, San Carlos de Bariloche, Argentina",Park,,Park,Park,San Carlos de Bariloche,52,Argentina,9,South America,2,America,0,4.15769884753448
1774,2157,Sacred Shrine - Province of Cordoba,"Main Street, Province of Cordoba, Argentina",Temple,,Temple,Religious,Province of Cordoba,52,Argentina,9,South America,2,America,0,4.15769884753448
1775,2157,Eco Park - Province of Cordoba,"Main Street, Province of Cordoba, Argentina",Park,,Park,Park,Province of Cordoba,52,Argentina,9,South America,2,America,0,4.15769884753448
1776,2157,Local Bazaar - Province of Cordoba,"Main Street, Province of Cordoba, Argentina",Market,,Market,Market,Province of Cordoba,52,Argentina,9,South America,2,America,0,4.15769884753448
1777,2157,Sacred Shrine - Province of Cordoba,"Main Street, Province of Cordoba, Argentina",Temple,,Temple,Religious,Province of Cordoba,52,Argentina,9,South America,2,America,0,4.15769884753448
1778,2148,Wildlife Reserve - Argentina,"Main Street, Argentina, Argentina",Park,,Park,Park,Argentina,52,Argentina,9,South America,2,America,0,4.15769884753448
1779,2148,Wildlife Reserve - Argentina,"Main Street, Argentina, Argentina",Park,,Park,Park,Argentina,52,Argentina,9,South America,2,America,0,4.15769884753448
1780,2148,Flea Market - Argentina,"Main Street, Argentina, Argentina",Market,,Market,Market,Argentina,52,Argentina,9,South America,2,America,0,4.15769884753448
1781,2148,Crystal Bay - Argentina,"Main Street, Argentina, Argentina",Beach,,Beach,Beach,Argentina,52,Argentina,9,South America,2,America,0,4.15769884753448
1782,2161,Local Bazaar - Cochabamba,"Main Street, Cochabamba, Bolivia",Market,,Market,Market,Cochabamba,53,Bolivia,9,South America,2,America,0,4.15769884753448
1783,2161,Grand Mosque - Cochabamba,"Main Street, Cochabamba, Bolivia",Temple,,Temple,Religious,Cochabamba,53,Bolivia,9,South America,2,America,0,4.15769884753448
1784,2161,Botanical Garden - Cochabamba,"Main Street, Cochabamba, Bolivia",Park,,Park,Park,Cochabamba,53,Bolivia,9,South America,2,America,0,4.15769884753448
1785,2161,Wildlife Reserve - Cochabamba,"Main Street, Cochabamba, Bolivia",Park,,Park,Park,Cochabamba,53,Bolivia,9,South America,2,America,0,4.15769884753448
1786,2162,Flea Market - La Paz,"Main Street, La Paz, Bolivia",Market,,Market,Market,La Paz,53,Bolivia,9,South America,2,America,0,4.15769884753448
1787,2162,Botanical Garden - La Paz,"Main Street, La Paz, Bolivia",Park,,Park,Park,La Paz,53,Bolivia,9,South America,2,America,0,4.15769884753448
1788,2162,Ancient Temple - La Paz,"Main Street, La Paz, Bolivia",Temple,,Temple,Religious,La Paz,53,Bolivia,9,South America,2,America,0,4.15769884753448
1789,2162,Art Gallery - La Paz,"Main Street, La Paz, Bolivia",Museum,,Museum,Museum,La Paz,53,Bolivia,9,South America,2,America,0,4.15769884753448
1790,2163,Ancient Temple - Santa Cruz,"Main Street, Santa Cruz, Bolivia",Temple,,Temple,Religious,Santa Cruz,53,Bolivia,9,South America,2,America,0,4.15769884753448
1791,2163,Botanical Garden - Santa Cruz,"Main Street, Santa Cruz, Bolivia",Park,,Park,Park,Santa Cruz,53,Bolivia,9,South America,2,America,0,4.15769884753448
1792,2163,Farmers' Market - Santa Cruz,"Main Street, Santa Cruz, Bolivia",Market,,Market,Market,Santa Cruz,53,Bolivia,9,South America,2,America,0,4.15769884753448
1793,2163,Botanical Garden - Santa Cruz,"Main Street, Santa Cruz, Bolivia",Park,,Park,Park,Santa Cruz,53,Bolivia,9,South America,2,America,0,4.15769884753448
1794,2183,Cathedral - Jericoacoara,"Main Street, Jericoacoara, Brazil",Temple,,Temple,Religious,Jericoacoara,54,Brazil,9,South America,2,America,0,4.15769884753448
1795,2183,National Park - Jericoacoara,"Main Street, Jericoacoara, Brazil",Park,,Park,Park,Jericoacoara,54,Brazil,9,South America,2,America,0,4.15769884753448
1796,2183,Golden Sand Beach - Jericoacoara,"Main Street, Jericoacoara, Brazil",Beach,,Beach,Beach,Jericoacoara,54,Brazil,9,South America,2,America,0,4.15769884753448
1797,2183,Sacred Shrine - Jericoacoara,"Main Street, Jericoacoara, Brazil",Temple,,Temple,Religious,Jericoacoara,54,Brazil,9,South America,2,America,0,4.15769884753448
1798,2213,Botanical Garden - State of Rio de Janeiro,"Main Street, State of Rio de Janeiro, Brazil",Park,,Park,Park,State of Rio de Janeiro,54,Brazil,9,South America,2,America,0,4.15769884753448
1799,2213,Ancient Temple - State of Rio de Janeiro,"Main Street, State of Rio de Janeiro, Brazil",Temple,,Temple,Religious,State of Rio de Janeiro,54,Brazil,9,South America,2,America,0,4.15769884753448
1800,2213,Paradise Beach - State of Rio de Janeiro,"Main Street, State of Rio de Janeiro, Brazil",Beach,,Beach,Beach,State of Rio de Janeiro,54,Brazil,9,South America,2,America,0,4.15769884753448
1801,2213,Science Museum - State of Rio de Janeiro,"Main Street, State of Rio de Janeiro, Brazil",Museum,,Museum,Museum,State of Rio de Janeiro,54,Brazil,9,South America,2,America,0,4.15769884753448
1802,2212,Golden Sand Beach - Sorocaba,"Main Street, Sorocaba, Brazil",Beach,,Beach,Beach,Sorocaba,54,Brazil,9,South America,2,America,0,4.15769884753448
1803,2212,Night Market - Sorocaba,"Main Street, Sorocaba, Brazil",Market,,Market,Market,Sorocaba,54,Brazil,9,South America,2,America,0,4.15769884753448
1804,2212,Botanical Garden - Sorocaba,"Main Street, Sorocaba, Brazil",Park,,Park,Park,Sorocaba,54,Brazil,9,South America,2,America,0,4.15769884753448
1805,2212,Grand Mosque - Sorocaba,"Main Street, Sorocaba, Brazil",Temple,,Temple,Religious,Sorocaba,54,Brazil,9,South America,2,America,0,4.15769884753448
1806,2228,Night Market - Valparaiso,"Main Street, Valparaiso, Chile",Market,,Market,Market,Valparaiso,55,Chile,9,South America,2,America,0,4.15769884753448
1807,2228,Local Bazaar - Valparaiso,"Main Street, Valparaiso, Chile",Market,,Market,Market,Valparaiso,55,Chile,9,South America,2,America,0,4.15769884753448
1808,2228,Wildlife Reserve - Valparaiso,"Main Street, Valparaiso, Chile",Park,,Park,Park,Valparaiso,55,Chile,9,South America,2,America,0,4.15769884753448
1809,2228,Science Museum - Valparaiso,"Main Street, Valparaiso, Chile",Museum,,Museum,Museum,Valparaiso,55,Chile,9,South America,2,America,0,4.15769884753448
1810,2227,Cathedral - Valdivia,"Main Street, Valdivia, Chile",Temple,,Temple,Religious,Valdivia,55,Chile,9,South America,2,America,0,4.15769884753448
1811,2227,Cathedral - Valdivia,"Main Street, Valdivia, Chile",Temple,,Temple,Religious,Valdivia,55,Chile,9,South America,2,America,0,4.15769884753448
1812,2227,Golden Sand Beach - Valdivia,"Main Street, Valdivia, Chile",Beach,,Beach,Beach,Valdivia,55,Chile,9,South America,2,America,0,4.15769884753448
1813,2227,Eco Park - Valdivia,"Main Street, Valdivia, Chile",Park,,Park,Park,Valdivia,55,Chile,9,South America,2,America,0,4.15769884753448
1814,2218,Night Market - Chile,"Main Street, Chile, Chile",Market,,Market,Market,Chile,55,Chile,9,South America,2,America,0,4.15769884753448
1815,2218,Cathedral - Chile,"Main Street, Chile, Chile",Temple,,Temple,Religious,Chile,55,Chile,9,South America,2,America,0,4.15769884753448
1816,2218,Eco Park - Chile,"Main Street, Chile, Chile",Park,,Park,Park,Chile,55,Chile,9,South America,2,America,0,4.15769884753448
1817,2218,Farmers' Market - Chile,"Main Street, Chile, Chile",Market,,Market,Market,Chile,55,Chile,9,South America,2,America,0,4.15769884753448
1818,2231,Grand Mosque - Cali,"Main Street, Cali, Colombia",Temple,,Temple,Religious,Cali,56,Colombia,9,South America,2,America,0,4.15769884753448
1819,2231,Paradise Beach - Cali,"Main Street, Cali, Colombia",Beach,,Beach,Beach,Cali,56,Colombia,9,South America,2,America,0,4.15769884753448
1820,2231,Sunset Cove - Cali,"Main Street, Cali, Colombia",Beach,,Beach,Beach,Cali,56,Colombia,9,South America,2,America,0,4.15769884753448
1821,2231,Ancient Temple - Cali,"Main Street, Cali, Colombia",Temple,,Temple,Religious,Cali,56,Colombia,9,South America,2,America,0,4.15769884753448
1822,2235,Science Museum - Popayan,"Main Street, Popayan, Colombia",Museum,,Museum,Museum,Popayan,56,Colombia,9,South America,2,America,0,4.15769884753448
1823,2235,Golden Sand Beach - Popayan,"Main Street, Popayan, Colombia",Beach,,Beach,Beach,Popayan,56,Colombia,9,South America,2,America,0,4.15769884753448
1824,2235,Paradise Beach - Popayan,"Main Street, Popayan, Colombia",Beach,,Beach,Beach,Popayan,56,Colombia,9,South America,2,America,0,4.15769884753448
1825,2235,Cultural Heritage Center - Popayan,"Main Street, Popayan, Colombia",Museum,,Museum,Museum,Popayan,56,Colombia,9,South America,2,America,0,4.15769884753448
1826,2230,Crystal Bay - Bogota,"Main Street, Bogota, Colombia",Beach,,Beach,Beach,Bogota,56,Colombia,9,South America,2,America,0,4.15769884753448
1827,2230,Ancient Temple - Bogota,"Main Street, Bogota, Colombia",Temple,,Temple,Religious,Bogota,56,Colombia,9,South America,2,America,0,4.15769884753448
1828,2230,Crystal Bay - Bogota,"Main Street, Bogota, Colombia",Beach,,Beach,Beach,Bogota,56,Colombia,9,South America,2,America,0,4.15769884753448
1829,2230,Science Museum - Bogota,"Main Street, Bogota, Colombia",Museum,,Museum,Museum,Bogota,56,Colombia,9,South America,2,America,0,4.15769884753448
1830,2238,Night Market - Cuenca,"Main Street, Cuenca, Ecuador",Market,,Market,Market,Cuenca,57,Ecuador,9,South America,2,America,0,4.15769884753448
1831,2238,Farmers' Market - Cuenca,"Main Street, Cuenca, Ecuador",Market,,Market,Market,Cuenca,57,Ecuador,9,South America,2,America,0,4.15769884753448
1832,2238,Local Bazaar - Cuenca,"Main Street, Cuenca, Ecuador",Market,,Market,Market,Cuenca,57,Ecuador,9,South America,2,America,0,4.15769884753448
1833,2238,Sacred Shrine - Cuenca,"Main Street, Cuenca, Ecuador",Temple,,Temple,Religious,Cuenca,57,Ecuador,9,South America,2,America,0,4.15769884753448
1834,2239,Sacred Shrine - Guayaquil,"Main Street, Guayaquil, Ecuador",Temple,,Temple,Religious,Guayaquil,57,Ecuador,9,South America,2,America,0,4.15769884753448
1835,2239,Science Museum - Guayaquil,"Main Street, Guayaquil, Ecuador",Museum,,Museum,Museum,Guayaquil,57,Ecuador,9,South America,2,America,0,4.15769884753448
1836,2239,National Park - Guayaquil,"Main Street, Guayaquil, Ecuador",Park,,Park,Park,Guayaquil,57,Ecuador,9,South America,2,America,0,4.15769884753448
1837,2239,Golden Sand Beach - Guayaquil,"Main Street, Guayaquil, Ecuador",Beach,,Beach,Beach,Guayaquil,57,Ecuador,9,South America,2,America,0,4.15769884753448
1838,2243,Night Market - Tena,"Main Street, Tena, Ecuador",Market,,Market,Market,Tena,57,Ecuador,9,South America,2,America,0,4.15769884753448
1839,2243,Grand Mosque - Tena,"Main Street, Tena, Ecuador",Temple,,Temple,Religious,Tena,57,Ecuador,9,South America,2,America,0,4.15769884753448
1840,2243,Eco Park - Tena,"Main Street, Tena, Ecuador",Park,,Park,Park,Tena,57,Ecuador,9,South America,2,America,0,4.15769884753448
1841,2243,Golden Sand Beach - Tena,"Main Street, Tena, Ecuador",Beach,,Beach,Beach,Tena,57,Ecuador,9,South America,2,America,0,4.15769884753448
1842,2246,Botanical Garden - Cusco,"Main Street, Cusco, Peru",Park,,Park,Park,Cusco,58,Peru,9,South America,2,America,0,4.15769884753448
1843,2246,Farmers' Market - Cusco,"Main Street, Cusco, Peru",Market,,Market,Market,Cusco,58,Peru,9,South America,2,America,0,4.15769884753448
1844,2246,Night Market - Cusco,"Main Street, Cusco, Peru",Market,,Market,Market,Cusco,58,Peru,9,South America,2,America,0,4.15769884753448
1845,2246,Crystal Bay - Cusco,"Main Street, Cusco, Peru",Beach,,Beach,Beach,Cusco,58,Peru,9,South America,2,America,0,4.15769884753448
1846,2248,Flea Market - Santa Lucia,"Main Street, Santa Lucia, Peru",Market,,Market,Market,Santa Lucia,58,Peru,9,South America,2,America,0,4.15769884753448
1847,2248,Ancient Temple - Santa Lucia,"Main Street, Santa Lucia, Peru",Temple,,Temple,Religious,Santa Lucia,58,Peru,9,South America,2,America,0,4.15769884753448
1848,2248,Wildlife Reserve - Santa Lucia,"Main Street, Santa Lucia, Peru",Park,,Park,Park,Santa Lucia,58,Peru,9,South America,2,America,0,4.15769884753448
1849,2248,Farmers' Market - Santa Lucia,"Main Street, Santa Lucia, Peru",Market,,Market,Market,Santa Lucia,58,Peru,9,South America,2,America,0,4.15769884753448
1850,2245,Flea Market - Aguas Calientes,"Main Street, Aguas Calientes, Peru",Market,,Market,Market,Aguas Calientes,58,Peru,9,South America,2,America,0,4.15769884753448
1851,2245,Wildlife Reserve - Aguas Calientes,"Main Street, Aguas Calientes, Peru",Park,,Park,Park,Aguas Calientes,58,Peru,9,South America,2,America,0,4.15769884753448
1852,2245,Sunset Cove - Aguas Calientes,"Main Street, Aguas Calientes, Peru",Beach,,Beach,Beach,Aguas Calientes,58,Peru,9,South America,2,America,0,4.15769884753448
1853,2245,Art Gallery - Aguas Calientes,"Main Street, Aguas Calientes, Peru",Museum,,Museum,Museum,Aguas Calientes,58,Peru,9,South America,2,America,0,4.15769884753448
1854,2249,Flea Market - Paramaribo,"Main Street, Paramaribo, Suriname",Market,,Market,Market,Paramaribo,59,Suriname,9,South America,2,America,0,4.15769884753448
1855,2249,Grand Mosque - Paramaribo,"Main Street, Paramaribo, Suriname",Temple,,Temple,Religious,Paramaribo,59,Suriname,9,South America,2,America,0,4.15769884753448
1856,2249,Paradise Beach - Paramaribo,"Main Street, Paramaribo, Suriname",Beach,,Beach,Beach,Paramaribo,59,Suriname,9,South America,2,America,0,4.15769884753448
1857,2249,Botanical Garden - Paramaribo,"Main Street, Paramaribo, Suriname",Park,,Park,Park,Paramaribo,59,Suriname,9,South America,2,America,0,4.15769884753448
1858,2251,Wildlife Reserve - Punta del Este,"Main Street, Punta del Este, Uruguay",Park,,Park,Park,Punta del Este,60,Uruguay,9,South America,2,America,0,4.15769884753448
1859,2251,Ancient Temple - Punta del Este,"Main Street, Punta del Este, Uruguay",Temple,,Temple,Religious,Punta del Este,60,Uruguay,9,South America,2,America,0,4.15769884753448
1860,2251,History Museum - Punta del Este,"Main Street, Punta del Este, Uruguay",Museum,,Museum,Museum,Punta del Este,60,Uruguay,9,South America,2,America,0,4.15769884753448
1861,2251,Art Gallery - Punta del Este,"Main Street, Punta del Este, Uruguay",Museum,,Museum,Museum,Punta del Este,60,Uruguay,9,South America,2,America,0,4.15769884753448
1862,2250,Farmers' Market - Montevideo,"Main Street, Montevideo, Uruguay",Market,,Market,Market,Montevideo,60,Uruguay,9,South America,2,America,0,4.15769884753448
1863,2250,Ancient Temple - Montevideo,"Main Street, Montevideo, Uruguay",Temple,,Temple,Religious,Montevideo,60,Uruguay,9,South America,2,America,0,4.15769884753448
1864,2250,Grand Mosque - Montevideo,"Main Street, Montevideo, Uruguay",Temple,,Temple,Religious,Montevideo,60,Uruguay,9,South America,2,America,0,4.15769884753448
1865,2250,History Museum - Montevideo,"Main Street, Montevideo, Uruguay",Museum,,Museum,Museum,Montevideo,60,Uruguay,9,South America,2,America,0,4.15769884753448
1866,2252,Ancient Temple - Caracas,"Main Street, Caracas, Venezuela",Temple,,Temple,Religious,Caracas,61,Venezuela,9,South America,2,America,0,4.15769884753448
1867,2252,Sacred Shrine - Caracas,"Main Street, Caracas, Venezuela",Temple,,Temple,Religious,Caracas,61,Venezuela,9,South America,2,America,0,4.15769884753448
1868,2252,History Museum - Caracas,"Main Street, Caracas, Venezuela",Museum,,Museum,Museum,Caracas,61,Venezuela,9,South America,2,America,0,4.15769884753448
1869,2252,Botanical Garden - Caracas,"Main Street, Caracas, Venezuela",Park,,Park,Park,Caracas,61,Venezuela,9,South America,2,America,0,4.15769884753448
1870,2253,History Museum - Asia,"Main Street, Asia, Asia",Museum,,Museum,Museum,Asia,62,Asia,0,Unknown,0,Unknown,0,4.15769884753448
1871,2253,Grand Mosque - Asia,"Main Street, Asia, Asia",Temple,,Temple,Religious,Asia,62,Asia,0,Unknown,0,Unknown,0,4.15769884753448
1872,2253,History Museum - Asia,"Main Street, Asia, Asia",Museum,,Museum,Museum,Asia,62,Asia,0,Unknown,0,Unknown,0,4.15769884753448
1873,2253,Botanical Garden - Asia,"Main Street, Asia, Asia",Park,,Park,Park,Asia,62,Asia,0,Unknown,0,Unknown,0,4.15769884753448
1874,2254,Crystal Bay - Yerevan,"Main Street, Yerevan, Armenia",Beach,,Beach,Beach,Yerevan,63,Armenia,10,Central Asia,3,Asia,0,4.15769884753448
1875,2254,Botanical Garden - Yerevan,"Main Street, Yerevan, Armenia",Park,,Park,Park,Yerevan,63,Armenia,10,Central Asia,3,Asia,0,4.15769884753448
1876,2254,Flea Market - Yerevan,"Main Street, Yerevan, Armenia",Market,,Market,Market,Yerevan,63,Armenia,10,Central Asia,3,Asia,0,4.15769884753448
1877,2254,Cathedral - Yerevan,"Main Street, Yerevan, Armenia",Temple,,Temple,Religious,Yerevan,63,Armenia,10,Central Asia,3,Asia,0,4.15769884753448
1878,2255,National Park - Aktau,"Main Street, Aktau, Kazakhstan",Park,,Park,Park,Aktau,64,Kazakhstan,10,Central Asia,3,Asia,0,4.15769884753448
1879,2255,Local Bazaar - Aktau,"Main Street, Aktau, Kazakhstan",Market,,Market,Market,Aktau,64,Kazakhstan,10,Central Asia,3,Asia,0,4.15769884753448
1880,2255,Botanical Garden - Aktau,"Main Street, Aktau, Kazakhstan",Park,,Park,Park,Aktau,64,Kazakhstan,10,Central Asia,3,Asia,0,4.15769884753448
1881,2255,Ancient Temple - Aktau,"Main Street, Aktau, Kazakhstan",Temple,,Temple,Religious,Aktau,64,Kazakhstan,10,Central Asia,3,Asia,0,4.15769884753448
1882,2256,Science Museum - Almaty,"Main Street, Almaty, Kazakhstan",Museum,,Museum,Museum,Almaty,64,Kazakhstan,10,Central Asia,3,Asia,0,4.15769884753448
1883,2256,Paradise Beach - Almaty,"Main Street, Almaty, Kazakhstan",Beach,,Beach,Beach,Almaty,64,Kazakhstan,10,Central Asia,3,Asia,0,4.15769884753448
1884,2256,Crystal Bay - Almaty,"Main Street, Almaty, Kazakhstan",Beach,,Beach,Beach,Almaty,64,Kazakhstan,10,Central Asia,3,Asia,0,4.15769884753448
1885,2256,Grand Mosque - Almaty,"Main Street, Almaty, Kazakhstan",Temple,,Temple,Religious,Almaty,64,Kazakhstan,10,Central Asia,3,Asia,0,4.15769884753448
1886,2260,Botanical Garden - Kaztsik,"Main Street, Kaztsik, Kazakhstan",Park,,Park,Park,Kaztsik,64,Kazakhstan,10,Central Asia,3,Asia,0,4.15769884753448
1887,2260,Farmers' Market - Kaztsik,"Main Street, Kaztsik, Kazakhstan",Market,,Market,Market,Kaztsik,64,Kazakhstan,10,Central Asia,3,Asia,0,4.15769884753448
1888,2260,Sunset Cove - Kaztsik,"Main Street, Kaztsik, Kazakhstan",Beach,,Beach,Beach,Kaztsik,64,Kazakhstan,10,Central Asia,3,Asia,0,4.15769884753448
1889,2260,Ancient Temple - Kaztsik,"Main Street, Kaztsik, Kazakhstan",Temple,,Temple,Religious,Kaztsik,64,Kazakhstan,10,Central Asia,3,Asia,0,4.15769884753448
1890,2261,Sacred Shrine - Bishkek,"Main Street, Bishkek, Kyrgyzstan",Temple,,Temple,Religious,Bishkek,65,Kyrgyzstan,10,Central Asia,3,Asia,0,4.15769884753448
1891,2261,Golden Sand Beach - Bishkek,"Main Street, Bishkek, Kyrgyzstan",Beach,,Beach,Beach,Bishkek,65,Kyrgyzstan,10,Central Asia,3,Asia,0,4.15769884753448
1892,2261,Science Museum - Bishkek,"Main Street, Bishkek, Kyrgyzstan",Museum,,Museum,Museum,Bishkek,65,Kyrgyzstan,10,Central Asia,3,Asia,0,4.15769884753448
1893,2261,Cathedral - Bishkek,"Main Street, Bishkek, Kyrgyzstan",Temple,,Temple,Religious,Bishkek,65,Kyrgyzstan,10,Central Asia,3,Asia,0,4.15769884753448
1894,2263,Grand Mosque - Ulaanbaatar,"Main Street, Ulaanbaatar, Mongolia",Temple,,Temple,Religious,Ulaanbaatar,66,Mongolia,10,Central Asia,3,Asia,0,4.15769884753448
1895,2263,Grand Mosque - Ulaanbaatar,"Main Street, Ulaanbaatar, Mongolia",Temple,,Temple,Religious,Ulaanbaatar,66,Mongolia,10,Central Asia,3,Asia,0,4.15769884753448
1896,2263,Cathedral - Ulaanbaatar,"Main Street, Ulaanbaatar, Mongolia",Temple,,Temple,Religious,Ulaanbaatar,66,Mongolia,10,Central Asia,3,Asia,0,4.15769884753448
1897,2263,Night Market - Ulaanbaatar,"Main Street, Ulaanbaatar, Mongolia",Market,,Market,Market,Ulaanbaatar,66,Mongolia,10,Central Asia,3,Asia,0,4.15769884753448
1898,2262,History Museum - Mongolia,"Main Street, Mongolia, Mongolia",Museum,,Museum,Museum,Mongolia,66,Mongolia,10,Central Asia,3,Asia,0,4.15769884753448
1899,2262,Sacred Shrine - Mongolia,"Main Street, Mongolia, Mongolia",Temple,,Temple,Religious,Mongolia,66,Mongolia,10,Central Asia,3,Asia,0,4.15769884753448
1900,2262,History Museum - Mongolia,"Main Street, Mongolia, Mongolia",Museum,,Museum,Museum,Mongolia,66,Mongolia,10,Central Asia,3,Asia,0,4.15769884753448
1901,2262,Crystal Bay - Mongolia,"Main Street, Mongolia, Mongolia",Beach,,Beach,Beach,Mongolia,66,Mongolia,10,Central Asia,3,Asia,0,4.15769884753448
1902,2264,Wildlife Reserve - Ashgabat,"Main Street, Ashgabat, Turkmenistan",Park,,Park,Park,Ashgabat,67,Turkmenistan,10,Central Asia,3,Asia,0,4.15769884753448
1903,2264,Sunset Cove - Ashgabat,"Main Street, Ashgabat, Turkmenistan",Beach,,Beach,Beach,Ashgabat,67,Turkmenistan,10,Central Asia,3,Asia,0,4.15769884753448
1904,2264,Ancient Temple - Ashgabat,"Main Street, Ashgabat, Turkmenistan",Temple,,Temple,Religious,Ashgabat,67,Turkmenistan,10,Central Asia,3,Asia,0,4.15769884753448
1905,2264,Flea Market - Ashgabat,"Main Street, Ashgabat, Turkmenistan",Market,,Market,Market,Ashgabat,67,Turkmenistan,10,Central Asia,3,Asia,0,4.15769884753448
1906,2265,Paradise Beach - Tavaksay,"Main Street, Tavaksay, Uzbekistan",Beach,,Beach,Beach,Tavaksay,68,Uzbekistan,10,Central Asia,3,Asia,0,4.15769884753448
1907,2265,Botanical Garden - Tavaksay,"Main Street, Tavaksay, Uzbekistan",Park,,Park,Park,Tavaksay,68,Uzbekistan,10,Central Asia,3,Asia,0,4.15769884753448
1908,2265,Grand Mosque - Tavaksay,"Main Street, Tavaksay, Uzbekistan",Temple,,Temple,Religious,Tavaksay,68,Uzbekistan,10,Central Asia,3,Asia,0,4.15769884753448
1909,2265,Sunset Cove - Tavaksay,"Main Street, Tavaksay, Uzbekistan",Beach,,Beach,Beach,Tavaksay,68,Uzbekistan,10,Central Asia,3,Asia,0,4.15769884753448
1910,2266,Night Market - Beijing,"Main Street, Beijing, China",Market,,Market,Market,Beijing,69,China,11,East Asia,3,Asia,0,4.15769884753448
1911,2266,Local Bazaar - Beijing,"Main Street, Beijing, China",Market,,Market,Market,Beijing,69,China,11,East Asia,3,Asia,0,4.15769884753448
1912,2266,Crystal Bay - Beijing,"Main Street, Beijing, China",Beach,,Beach,Beach,Beijing,69,China,11,East Asia,3,Asia,0,4.15769884753448
1913,2266,Wildlife Reserve - Beijing,"Main Street, Beijing, China",Park,,Park,Park,Beijing,69,China,11,East Asia,3,Asia,0,4.15769884753448
1914,2271,History Museum - China,"Main Street, China, China",Museum,,Museum,Museum,China,69,China,11,East Asia,3,Asia,0,4.15769884753448
1915,2271,Local Bazaar - China,"Main Street, China, China",Market,,Market,Market,China,69,China,11,East Asia,3,Asia,0,4.15769884753448
1916,2271,Cathedral - China,"Main Street, China, China",Temple,,Temple,Religious,China,69,China,11,East Asia,3,Asia,0,4.15769884753448
1917,2271,Science Museum - China,"Main Street, China, China",Museum,,Museum,Museum,China,69,China,11,East Asia,3,Asia,0,4.15769884753448
1918,2296,Flea Market - Sanya,"Main Street, Sanya, China",Market,,Market,Market,Sanya,69,China,11,East Asia,3,Asia,0,4.15769884753448
1919,2296,Flea Market - Sanya,"Main Street, Sanya, China",Market,,Market,Market,Sanya,69,China,11,East Asia,3,Asia,0,4.15769884753448
1920,2296,Sunset Cove - Sanya,"Main Street, Sanya, China",Beach,,Beach,Beach,Sanya,69,China,11,East Asia,3,Asia,0,4.15769884753448
1921,2296,Sunset Cove - Sanya,"Main Street, Sanya, China",Beach,,Beach,Beach,Sanya,69,China,11,East Asia,3,Asia,0,4.15769884753448
1922,2324,Flea Market - Hongkong,"Main Street, Hongkong, Hong Kong",Market,,Market,Market,Hongkong,70,Hong Kong,11,East Asia,3,Asia,0,4.15769884753448
1923,2324,Paradise Beach - Hongkong,"Main Street, Hongkong, Hong Kong",Beach,,Beach,Beach,Hongkong,70,Hong Kong,11,East Asia,3,Asia,0,4.15769884753448
1924,2324,National Park - Hongkong,"Main Street, Hongkong, Hong Kong",Park,,Park,Park,Hongkong,70,Hong Kong,11,East Asia,3,Asia,0,4.15769884753448
1925,2324,Ancient Temple - Hongkong,"Main Street, Hongkong, Hong Kong",Temple,,Temple,Religious,Hongkong,70,Hong Kong,11,East Asia,3,Asia,0,4.15769884753448
1926,2327,Cathedral - Wan Chai,"Main Street, Wan Chai, Hong Kong",Temple,,Temple,Religious,Wan Chai,70,Hong Kong,11,East Asia,3,Asia,0,4.15769884753448
1927,2327,Cathedral - Wan Chai,"Main Street, Wan Chai, Hong Kong",Temple,,Temple,Religious,Wan Chai,70,Hong Kong,11,East Asia,3,Asia,0,4.15769884753448
1928,2327,Science Museum - Wan Chai,"Main Street, Wan Chai, Hong Kong",Museum,,Museum,Museum,Wan Chai,70,Hong Kong,11,East Asia,3,Asia,0,4.15769884753448
1929,2327,Ancient Temple - Wan Chai,"Main Street, Wan Chai, Hong Kong",Temple,,Temple,Religious,Wan Chai,70,Hong Kong,11,East Asia,3,Asia,0,4.15769884753448
1930,2325,Science Museum - Sai Kung N.T.,"Main Street, Sai Kung N.T., Hong Kong",Museum,,Museum,Museum,Sai Kung N.T.,70,Hong Kong,11,East Asia,3,Asia,0,4.15769884753448
1931,2325,Local Bazaar - Sai Kung N.T.,"Main Street, Sai Kung N.T., Hong Kong",Market,,Market,Market,Sai Kung N.T.,70,Hong Kong,11,East Asia,3,Asia,0,4.15769884753448
1932,2325,Science Museum - Sai Kung N.T.,"Main Street, Sai Kung N.T., Hong Kong",Museum,,Museum,Museum,Sai Kung N.T.,70,Hong Kong,11,East Asia,3,Asia,0,4.15769884753448
1933,2325,Local Bazaar - Sai Kung N.T.,"Main Street, Sai Kung N.T., Hong Kong",Market,,Market,Market,Sai Kung N.T.,70,Hong Kong,11,East Asia,3,Asia,0,4.15769884753448
1934,2368,Art Gallery - Maniwa,"Main Street, Maniwa, Japan",Museum,,Museum,Museum,Maniwa,71,Japan,11,East Asia,3,Asia,0,4.15769884753448
1935,2368,Wildlife Reserve - Maniwa,"Main Street, Maniwa, Japan",Park,,Park,Park,Maniwa,71,Japan,11,East Asia,3,Asia,0,4.15769884753448
1936,2368,Cultural Heritage Center - Maniwa,"Main Street, Maniwa, Japan",Museum,,Museum,Museum,Maniwa,71,Japan,11,East Asia,3,Asia,0,4.15769884753448
1937,2368,Flea Market - Maniwa,"Main Street, Maniwa, Japan",Market,,Market,Market,Maniwa,71,Japan,11,East Asia,3,Asia,0,4.15769884753448
1938,2350,Wildlife Reserve - Iwakuni,"Main Street, Iwakuni, Japan",Park,,Park,Park,Iwakuni,71,Japan,11,East Asia,3,Asia,0,4.15769884753448
1939,2350,Golden Sand Beach - Iwakuni,"Main Street, Iwakuni, Japan",Beach,,Beach,Beach,Iwakuni,71,Japan,11,East Asia,3,Asia,0,4.15769884753448
1940,2350,History Museum - Iwakuni,"Main Street, Iwakuni, Japan",Museum,,Museum,Museum,Iwakuni,71,Japan,11,East Asia,3,Asia,0,4.15769884753448
1941,2350,Local Bazaar - Iwakuni,"Main Street, Iwakuni, Japan",Market,,Market,Market,Iwakuni,71,Japan,11,East Asia,3,Asia,0,4.15769884753448
1942,2383,Crystal Bay - nyk,"Main Street, nyk, Japan",Beach,,Beach,Beach,nyk,71,Japan,11,East Asia,3,Asia,0,4.15769884753448
1943,2383,Sacred Shrine - nyk,"Main Street, nyk, Japan",Temple,,Temple,Religious,nyk,71,Japan,11,East Asia,3,Asia,0,4.15769884753448
1944,2383,Grand Mosque - nyk,"Main Street, nyk, Japan",Temple,,Temple,Religious,nyk,71,Japan,11,East Asia,3,Asia,0,4.15769884753448
1945,2383,Night Market - nyk,"Main Street, nyk, Japan",Market,,Market,Market,nyk,71,Japan,11,East Asia,3,Asia,0,4.15769884753448
1946,2422,Cultural Heritage Center - North Pyongan Province,"Main Street, North Pyongan Province, North Korea",Museum,,Museum,Museum,North Pyongan Province,72,North Korea,11,East Asia,3,Asia,0,4.15769884753448
1947,2422,Cathedral - North Pyongan Province,"Main Street, North Pyongan Province, North Korea",Temple,,Temple,Religious,North Pyongan Province,72,North Korea,11,East Asia,3,Asia,0,4.15769884753448
1948,2422,Night Market - North Pyongan Province,"Main Street, North Pyongan Province, North Korea",Market,,Market,Market,North Pyongan Province,72,North Korea,11,East Asia,3,Asia,0,4.15769884753448
1949,2422,Flea Market - North Pyongan Province,"Main Street, North Pyongan Province, North Korea",Market,,Market,Market,North Pyongan Province,72,North Korea,11,East Asia,3,Asia,0,4.15769884753448
1950,2450,Golden Sand Beach - Wonju,"Main Street, Wonju, South Korea",Beach,,Beach,Beach,Wonju,73,South Korea,11,East Asia,3,Asia,0,4.15769884753448
1951,2450,Cultural Heritage Center - Wonju,"Main Street, Wonju, South Korea",Museum,,Museum,Museum,Wonju,73,South Korea,11,East Asia,3,Asia,0,4.15769884753448
1952,2450,Ancient Temple - Wonju,"Main Street, Wonju, South Korea",Temple,,Temple,Religious,Wonju,73,South Korea,11,East Asia,3,Asia,0,4.15769884753448
1953,2450,Ancient Temple - Wonju,"Main Street, Wonju, South Korea",Temple,,Temple,Religious,Wonju,73,South Korea,11,East Asia,3,Asia,0,4.15769884753448
1954,2438,Eco Park - Jeju,"Main Street, Jeju, South Korea",Park,,Park,Park,Jeju,73,South Korea,11,East Asia,3,Asia,0,4.15769884753448
1955,2438,Wildlife Reserve - Jeju,"Main Street, Jeju, South Korea",Park,,Park,Park,Jeju,73,South Korea,11,East Asia,3,Asia,0,4.15769884753448
1956,2438,Wildlife Reserve - Jeju,"Main Street, Jeju, South Korea",Park,,Park,Park,Jeju,73,South Korea,11,East Asia,3,Asia,0,4.15769884753448
1957,2438,Science Museum - Jeju,"Main Street, Jeju, South Korea",Museum,,Museum,Museum,Jeju,73,South Korea,11,East Asia,3,Asia,0,4.15769884753448
1958,2446,Grand Mosque - South Korea,"Main Street, South Korea, South Korea",Temple,,Temple,Religious,South Korea,73,South Korea,11,East Asia,3,Asia,0,4.15769884753448
1959,2446,Local Bazaar - South Korea,"Main Street, South Korea, South Korea",Market,,Market,Market,South Korea,73,South Korea,11,East Asia,3,Asia,0,4.15769884753448
1960,2446,Science Museum - South Korea,"Main Street, South Korea, South Korea",Museum,,Museum,Museum,South Korea,73,South Korea,11,East Asia,3,Asia,0,4.15769884753448
1961,2446,Grand Mosque - South Korea,"Main Street, South Korea, South Korea",Temple,,Temple,Religious,South Korea,73,South Korea,11,East Asia,3,Asia,0,4.15769884753448
1962,2453,Sunset Cove - Banqiao,"Main Street, Banqiao, Taiwan",Beach,,Beach,Beach,Banqiao,74,Taiwan,11,East Asia,3,Asia,0,4.15769884753448
1963,2453,Golden Sand Beach - Banqiao,"Main Street, Banqiao, Taiwan",Beach,,Beach,Beach,Banqiao,74,Taiwan,11,East Asia,3,Asia,0,4.15769884753448
1964,2453,Wildlife Reserve - Banqiao,"Main Street, Banqiao, Taiwan",Park,,Park,Park,Banqiao,74,Taiwan,11,East Asia,3,Asia,0,4.15769884753448
1965,2453,Cathedral - Banqiao,"Main Street, Banqiao, Taiwan",Temple,,Temple,Religious,Banqiao,74,Taiwan,11,East Asia,3,Asia,0,4.15769884753448
1966,2470,Flea Market - Taoyuan,"Main Street, Taoyuan, Taiwan",Market,,Market,Market,Taoyuan,74,Taiwan,11,East Asia,3,Asia,0,4.15769884753448
1967,2470,Wildlife Reserve - Taoyuan,"Main Street, Taoyuan, Taiwan",Park,,Park,Park,Taoyuan,74,Taiwan,11,East Asia,3,Asia,0,4.15769884753448
1968,2470,Wildlife Reserve - Taoyuan,"Main Street, Taoyuan, Taiwan",Park,,Park,Park,Taoyuan,74,Taiwan,11,East Asia,3,Asia,0,4.15769884753448
1969,2470,Night Market - Taoyuan,"Main Street, Taoyuan, Taiwan",Market,,Market,Market,Taoyuan,74,Taiwan,11,East Asia,3,Asia,0,4.15769884753448
1970,2468,Eco Park - Taipei,"Main Street, Taipei, Taiwan",Park,,Park,Park,Taipei,74,Taiwan,11,East Asia,3,Asia,0,4.15769884753448
1971,2468,Crystal Bay - Taipei,"Main Street, Taipei, Taiwan",Beach,,Beach,Beach,Taipei,74,Taiwan,11,East Asia,3,Asia,0,4.15769884753448
1972,2468,Wildlife Reserve - Taipei,"Main Street, Taipei, Taiwan",Park,,Park,Park,Taipei,74,Taiwan,11,East Asia,3,Asia,0,4.15769884753448
1973,2468,Grand Mosque - Taipei,"Main Street, Taipei, Taiwan",Temple,,Temple,Religious,Taipei,74,Taiwan,11,East Asia,3,Asia,0,4.15769884753448
1974,2475,Farmers' Market - Al Muharraq,"Main Street, Al Muharraq, Bahrain",Market,,Market,Market,Al Muharraq,75,Bahrain,12,Middle East,3,Asia,0,4.15769884753448
1975,2475,Flea Market - Al Muharraq,"Main Street, Al Muharraq, Bahrain",Market,,Market,Market,Al Muharraq,75,Bahrain,12,Middle East,3,Asia,0,4.15769884753448
1976,2475,Local Bazaar - Al Muharraq,"Main Street, Al Muharraq, Bahrain",Market,,Market,Market,Al Muharraq,75,Bahrain,12,Middle East,3,Asia,0,4.15769884753448
1977,2475,Ancient Temple - Al Muharraq,"Main Street, Al Muharraq, Bahrain",Temple,,Temple,Religious,Al Muharraq,75,Bahrain,12,Middle East,3,Asia,0,4.15769884753448
1978,2478,Golden Sand Beach - Manama,"Main Street, Manama, Bahrain",Beach,,Beach,Beach,Manama,75,Bahrain,12,Middle East,3,Asia,0,4.15769884753448
1979,2478,Golden Sand Beach - Manama,"Main Street, Manama, Bahrain",Beach,,Beach,Beach,Manama,75,Bahrain,12,Middle East,3,Asia,0,4.15769884753448
1980,2478,Golden Sand Beach - Manama,"Main Street, Manama, Bahrain",Beach,,Beach,Beach,Manama,75,Bahrain,12,Middle East,3,Asia,0,4.15769884753448
1981,2478,Ancient Temple - Manama,"Main Street, Manama, Bahrain",Temple,,Temple,Religious,Manama,75,Bahrain,12,Middle East,3,Asia,0,4.15769884753448
1982,2476,Science Museum - Amwaj Islands,"Main Street, Amwaj Islands, Bahrain",Museum,,Museum,Museum,Amwaj Islands,75,Bahrain,12,Middle East,3,Asia,0,4.15769884753448
1983,2476,Eco Park - Amwaj Islands,"Main Street, Amwaj Islands, Bahrain",Park,,Park,Park,Amwaj Islands,75,Bahrain,12,Middle East,3,Asia,0,4.15769884753448
1984,2476,Art Gallery - Amwaj Islands,"Main Street, Amwaj Islands, Bahrain",Museum,,Museum,Museum,Amwaj Islands,75,Bahrain,12,Middle East,3,Asia,0,4.15769884753448
1985,2476,Ancient Temple - Amwaj Islands,"Main Street, Amwaj Islands, Bahrain",Temple,,Temple,Religious,Amwaj Islands,75,Bahrain,12,Middle East,3,Asia,0,4.15769884753448
1986,2479,Crystal Bay - Ayia Napa,"Main Street, Ayia Napa, Cyprus",Beach,,Beach,Beach,Ayia Napa,76,Cyprus,12,Middle East,3,Asia,0,4.15769884753448
1987,2479,Grand Mosque - Ayia Napa,"Main Street, Ayia Napa, Cyprus",Temple,,Temple,Religious,Ayia Napa,76,Cyprus,12,Middle East,3,Asia,0,4.15769884753448
1988,2479,Wildlife Reserve - Ayia Napa,"Main Street, Ayia Napa, Cyprus",Park,,Park,Park,Ayia Napa,76,Cyprus,12,Middle East,3,Asia,0,4.15769884753448
1989,2479,Art Gallery - Ayia Napa,"Main Street, Ayia Napa, Cyprus",Museum,,Museum,Museum,Ayia Napa,76,Cyprus,12,Middle East,3,Asia,0,4.15769884753448
1990,2480,Eco Park - Chloraka,"Main Street, Chloraka, Cyprus",Park,,Park,Park,Chloraka,76,Cyprus,12,Middle East,3,Asia,0,4.15769884753448
1991,2480,Botanical Garden - Chloraka,"Main Street, Chloraka, Cyprus",Park,,Park,Park,Chloraka,76,Cyprus,12,Middle East,3,Asia,0,4.15769884753448
1992,2480,Cultural Heritage Center - Chloraka,"Main Street, Chloraka, Cyprus",Museum,,Museum,Museum,Chloraka,76,Cyprus,12,Middle East,3,Asia,0,4.15769884753448
1993,2480,Sunset Cove - Chloraka,"Main Street, Chloraka, Cyprus",Beach,,Beach,Beach,Chloraka,76,Cyprus,12,Middle East,3,Asia,0,4.15769884753448
1994,2484,Cultural Heritage Center - Kouklia,"Main Street, Kouklia, Cyprus",Museum,,Museum,Museum,Kouklia,76,Cyprus,12,Middle East,3,Asia,0,4.15769884753448
1995,2484,Cultural Heritage Center - Kouklia,"Main Street, Kouklia, Cyprus",Museum,,Museum,Museum,Kouklia,76,Cyprus,12,Middle East,3,Asia,0,4.15769884753448
1996,2484,Sacred Shrine - Kouklia,"Main Street, Kouklia, Cyprus",Temple,,Temple,Religious,Kouklia,76,Cyprus,12,Middle East,3,Asia,0,4.15769884753448
1997,2484,Cathedral - Kouklia,"Main Street, Kouklia, Cyprus",Temple,,Temple,Religious,Kouklia,76,Cyprus,12,Middle East,3,Asia,0,4.15769884753448
1998,2495,Flea Market - Iran,"Main Street, Iran, Iran",Market,,Market,Market,Iran,77,Iran,12,Middle East,3,Asia,0,4.15769884753448
1999,2495,Crystal Bay - Iran,"Main Street, Iran, Iran",Beach,,Beach,Beach,Iran,77,Iran,12,Middle East,3,Asia,0,4.15769884753448
2000,2495,Wildlife Reserve - Iran,"Main Street, Iran, Iran",Park,,Park,Park,Iran,77,Iran,12,Middle East,3,Asia,0,4.15769884753448
2001,2495,Farmers' Market - Iran,"Main Street, Iran, Iran",Market,,Market,Market,Iran,77,Iran,12,Middle East,3,Asia,0,4.15769884753448
2002,2496,Cultural Heritage Center - Isfahan,"Main Street, Isfahan, Iran",Museum,,Museum,Museum,Isfahan,77,Iran,12,Middle East,3,Asia,0,4.15769884753448
2003,2496,Sunset Cove - Isfahan,"Main Street, Isfahan, Iran",Beach,,Beach,Beach,Isfahan,77,Iran,12,Middle East,3,Asia,0,4.15769884753448
2004,2496,Crystal Bay - Isfahan,"Main Street, Isfahan, Iran",Beach,,Beach,Beach,Isfahan,77,Iran,12,Middle East,3,Asia,0,4.15769884753448
2005,2496,Cathedral - Isfahan,"Main Street, Isfahan, Iran",Temple,,Temple,Religious,Isfahan,77,Iran,12,Middle East,3,Asia,0,4.15769884753448
2006,2503,Wildlife Reserve - Now Shahr,"Main Street, Now Shahr, Iran",Park,,Park,Park,Now Shahr,77,Iran,12,Middle East,3,Asia,0,4.15769884753448
2007,2503,Cultural Heritage Center - Now Shahr,"Main Street, Now Shahr, Iran",Museum,,Museum,Museum,Now Shahr,77,Iran,12,Middle East,3,Asia,0,4.15769884753448
2008,2503,Science Museum - Now Shahr,"Main Street, Now Shahr, Iran",Museum,,Museum,Museum,Now Shahr,77,Iran,12,Middle East,3,Asia,0,4.15769884753448
2009,2503,Cultural Heritage Center - Now Shahr,"Main Street, Now Shahr, Iran",Museum,,Museum,Museum,Now Shahr,77,Iran,12,Middle East,3,Asia,0,4.15769884753448
2010,2514,Cultural Heritage Center - Baghdad,"Main Street, Baghdad, Iraq",Museum,,Museum,Museum,Baghdad,78,Iraq,12,Middle East,3,Asia,0,4.15769884753448
2011,2514,Cultural Heritage Center - Baghdad,"Main Street, Baghdad, Iraq",Museum,,Museum,Museum,Baghdad,78,Iraq,12,Middle East,3,Asia,0,4.15769884753448
2012,2514,Night Market - Baghdad,"Main Street, Baghdad, Iraq",Market,,Market,Market,Baghdad,78,Iraq,12,Middle East,3,Asia,0,4.15769884753448
2013,2514,History Museum - Baghdad,"Main Street, Baghdad, Iraq",Museum,,Museum,Museum,Baghdad,78,Iraq,12,Middle East,3,Asia,0,4.15769884753448
2014,2516,Crystal Bay - Sulaymaniyah,"Main Street, Sulaymaniyah, Iraq",Beach,,Beach,Beach,Sulaymaniyah,78,Iraq,12,Middle East,3,Asia,0,4.15769884753448
2015,2516,Paradise Beach - Sulaymaniyah,"Main Street, Sulaymaniyah, Iraq",Beach,,Beach,Beach,Sulaymaniyah,78,Iraq,12,Middle East,3,Asia,0,4.15769884753448
2016,2516,National Park - Sulaymaniyah,"Main Street, Sulaymaniyah, Iraq",Park,,Park,Park,Sulaymaniyah,78,Iraq,12,Middle East,3,Asia,0,4.15769884753448
2017,2516,Farmers' Market - Sulaymaniyah,"Main Street, Sulaymaniyah, Iraq",Market,,Market,Market,Sulaymaniyah,78,Iraq,12,Middle East,3,Asia,0,4.15769884753448
2018,2513,Flea Market - Bagdad,"Main Street, Bagdad, Iraq",Market,,Market,Market,Bagdad,78,Iraq,12,Middle East,3,Asia,0,4.15769884753448
2019,2513,Golden Sand Beach - Bagdad,"Main Street, Bagdad, Iraq",Beach,,Beach,Beach,Bagdad,78,Iraq,12,Middle East,3,Asia,0,4.15769884753448
2020,2513,Cathedral - Bagdad,"Main Street, Bagdad, Iraq",Temple,,Temple,Religious,Bagdad,78,Iraq,12,Middle East,3,Asia,0,4.15769884753448
2021,2513,Cathedral - Bagdad,"Main Street, Bagdad, Iraq",Temple,,Temple,Religious,Bagdad,78,Iraq,12,Middle East,3,Asia,0,4.15769884753448
2022,2517,Flea Market - Batzra,"Main Street, Batzra, Israel",Market,,Market,Market,Batzra,79,Israel,12,Middle East,3,Asia,0,4.15769884753448
2023,2517,Science Museum - Batzra,"Main Street, Batzra, Israel",Museum,,Museum,Museum,Batzra,79,Israel,12,Middle East,3,Asia,0,4.15769884753448
2024,2517,Golden Sand Beach - Batzra,"Main Street, Batzra, Israel",Beach,,Beach,Beach,Batzra,79,Israel,12,Middle East,3,Asia,0,4.15769884753448
2025,2517,Crystal Bay - Batzra,"Main Street, Batzra, Israel",Beach,,Beach,Beach,Batzra,79,Israel,12,Middle East,3,Asia,0,4.15769884753448
2026,2518,Sunset Cove - Beit She'an,"Main Street, Beit She'an, Israel",Beach,,Beach,Beach,Beit She'an,79,Israel,12,Middle East,3,Asia,0,4.15769884753448
2027,2518,Paradise Beach - Beit She'an,"Main Street, Beit She'an, Israel",Beach,,Beach,Beach,Beit She'an,79,Israel,12,Middle East,3,Asia,0,4.15769884753448
2028,2518,National Park - Beit She'an,"Main Street, Beit She'an, Israel",Park,,Park,Park,Beit She'an,79,Israel,12,Middle East,3,Asia,0,4.15769884753448
2029,2518,Farmers' Market - Beit She'an,"Main Street, Beit She'an, Israel",Market,,Market,Market,Beit She'an,79,Israel,12,Middle East,3,Asia,0,4.15769884753448
2030,2522,Science Museum - Israel,"Main Street, Israel, Israel",Museum,,Museum,Museum,Israel,79,Israel,12,Middle East,3,Asia,0,4.15769884753448
2031,2522,Botanical Garden - Israel,"Main Street, Israel, Israel",Park,,Park,Park,Israel,79,Israel,12,Middle East,3,Asia,0,4.15769884753448
2032,2522,National Park - Israel,"Main Street, Israel, Israel",Park,,Park,Park,Israel,79,Israel,12,Middle East,3,Asia,0,4.15769884753448
2033,2522,Science Museum - Israel,"Main Street, Israel, Israel",Museum,,Museum,Museum,Israel,79,Israel,12,Middle East,3,Asia,0,4.15769884753448
2034,2534,Golden Sand Beach - Amman,"Main Street, Amman, Jordan",Beach,,Beach,Beach,Amman,80,Jordan,12,Middle East,3,Asia,0,4.15769884753448
2035,2534,Art Gallery - Amman,"Main Street, Amman, Jordan",Museum,,Museum,Museum,Amman,80,Jordan,12,Middle East,3,Asia,0,4.15769884753448
2036,2534,Wildlife Reserve - Amman,"Main Street, Amman, Jordan",Park,,Park,Park,Amman,80,Jordan,12,Middle East,3,Asia,0,4.15769884753448
2037,2534,Science Museum - Amman,"Main Street, Amman, Jordan",Museum,,Museum,Museum,Amman,80,Jordan,12,Middle East,3,Asia,0,4.15769884753448
2038,2536,Flea Market - Jordan,"Main Street, Jordan, Jordan",Market,,Market,Market,Jordan,80,Jordan,12,Middle East,3,Asia,0,4.15769884753448
2039,2536,Cultural Heritage Center - Jordan,"Main Street, Jordan, Jordan",Museum,,Museum,Museum,Jordan,80,Jordan,12,Middle East,3,Asia,0,4.15769884753448
2040,2536,Local Bazaar - Jordan,"Main Street, Jordan, Jordan",Market,,Market,Market,Jordan,80,Jordan,12,Middle East,3,Asia,0,4.15769884753448
2041,2536,Ancient Temple - Jordan,"Main Street, Jordan, Jordan",Temple,,Temple,Religious,Jordan,80,Jordan,12,Middle East,3,Asia,0,4.15769884753448
2042,2533,Science Museum - Al Aqabah Governorate,"Main Street, Al Aqabah Governorate, Jordan",Museum,,Museum,Museum,Al Aqabah Governorate,80,Jordan,12,Middle East,3,Asia,0,4.15769884753448
2043,2533,Grand Mosque - Al Aqabah Governorate,"Main Street, Al Aqabah Governorate, Jordan",Temple,,Temple,Religious,Al Aqabah Governorate,80,Jordan,12,Middle East,3,Asia,0,4.15769884753448
2044,2533,Science Museum - Al Aqabah Governorate,"Main Street, Al Aqabah Governorate, Jordan",Museum,,Museum,Museum,Al Aqabah Governorate,80,Jordan,12,Middle East,3,Asia,0,4.15769884753448
2045,2533,Cathedral - Al Aqabah Governorate,"Main Street, Al Aqabah Governorate, Jordan",Temple,,Temple,Religious,Al Aqabah Governorate,80,Jordan,12,Middle East,3,Asia,0,4.15769884753448
2046,2537,Crystal Bay - Kuwait,"Main Street, Kuwait, Kuwait",Beach,,Beach,Beach,Kuwait,81,Kuwait,12,Middle East,3,Asia,0,4.15769884753448
2047,2537,Night Market - Kuwait,"Main Street, Kuwait, Kuwait",Market,,Market,Market,Kuwait,81,Kuwait,12,Middle East,3,Asia,0,4.15769884753448
2048,2537,Science Museum - Kuwait,"Main Street, Kuwait, Kuwait",Museum,,Museum,Museum,Kuwait,81,Kuwait,12,Middle East,3,Asia,0,4.15769884753448
2049,2537,Night Market - Kuwait,"Main Street, Kuwait, Kuwait",Market,,Market,Market,Kuwait,81,Kuwait,12,Middle East,3,Asia,0,4.15769884753448
2050,2538,Grand Mosque - Kuwait City,"Main Street, Kuwait City, Kuwait",Temple,,Temple,Religious,Kuwait City,81,Kuwait,12,Middle East,3,Asia,0,4.15769884753448
2051,2538,History Museum - Kuwait City,"Main Street, Kuwait City, Kuwait",Museum,,Museum,Museum,Kuwait City,81,Kuwait,12,Middle East,3,Asia,0,4.15769884753448
2052,2538,Night Market - Kuwait City,"Main Street, Kuwait City, Kuwait",Market,,Market,Market,Kuwait City,81,Kuwait,12,Middle East,3,Asia,0,4.15769884753448
2053,2538,Golden Sand Beach - Kuwait City,"Main Street, Kuwait City, Kuwait",Beach,,Beach,Beach,Kuwait City,81,Kuwait,12,Middle East,3,Asia,0,4.15769884753448
2054,2542,Cathedral - Salwa,"Main Street, Salwa, Kuwait",Temple,,Temple,Religious,Salwa,81,Kuwait,12,Middle East,3,Asia,0,4.15769884753448
2055,2542,Flea Market - Salwa,"Main Street, Salwa, Kuwait",Market,,Market,Market,Salwa,81,Kuwait,12,Middle East,3,Asia,0,4.15769884753448
2056,2542,Golden Sand Beach - Salwa,"Main Street, Salwa, Kuwait",Beach,,Beach,Beach,Salwa,81,Kuwait,12,Middle East,3,Asia,0,4.15769884753448
2057,2542,Ancient Temple - Salwa,"Main Street, Salwa, Kuwait",Temple,,Temple,Religious,Salwa,81,Kuwait,12,Middle East,3,Asia,0,4.15769884753448
2058,2543,Paradise Beach - Bchamoun,"Main Street, Bchamoun, Lebanon",Beach,,Beach,Beach,Bchamoun,82,Lebanon,12,Middle East,3,Asia,0,4.15769884753448
2059,2543,National Park - Bchamoun,"Main Street, Bchamoun, Lebanon",Park,,Park,Park,Bchamoun,82,Lebanon,12,Middle East,3,Asia,0,4.15769884753448
2060,2543,Cathedral - Bchamoun,"Main Street, Bchamoun, Lebanon",Temple,,Temple,Religious,Bchamoun,82,Lebanon,12,Middle East,3,Asia,0,4.15769884753448
2061,2543,Paradise Beach - Bchamoun,"Main Street, Bchamoun, Lebanon",Beach,,Beach,Beach,Bchamoun,82,Lebanon,12,Middle East,3,Asia,0,4.15769884753448
2062,2544,Golden Sand Beach - Beirut,"Main Street, Beirut, Lebanon",Beach,,Beach,Beach,Beirut,82,Lebanon,12,Middle East,3,Asia,0,4.15769884753448
2063,2544,Art Gallery - Beirut,"Main Street, Beirut, Lebanon",Museum,,Museum,Museum,Beirut,82,Lebanon,12,Middle East,3,Asia,0,4.15769884753448
2064,2544,Sunset Cove - Beirut,"Main Street, Beirut, Lebanon",Beach,,Beach,Beach,Beirut,82,Lebanon,12,Middle East,3,Asia,0,4.15769884753448
2065,2544,Cultural Heritage Center - Beirut,"Main Street, Beirut, Lebanon",Museum,,Museum,Museum,Beirut,82,Lebanon,12,Middle East,3,Asia,0,4.15769884753448
2066,2548,Flea Market - Tripoli,"Main Street, Tripoli, Lebanon",Market,,Market,Market,Tripoli,82,Lebanon,12,Middle East,3,Asia,0,4.15769884753448
2067,2548,Local Bazaar - Tripoli,"Main Street, Tripoli, Lebanon",Market,,Market,Market,Tripoli,82,Lebanon,12,Middle East,3,Asia,0,4.15769884753448
2068,2548,Local Bazaar - Tripoli,"Main Street, Tripoli, Lebanon",Market,,Market,Market,Tripoli,82,Lebanon,12,Middle East,3,Asia,0,4.15769884753448
2069,2548,Sacred Shrine - Tripoli,"Main Street, Tripoli, Lebanon",Temple,,Temple,Religious,Tripoli,82,Lebanon,12,Middle East,3,Asia,0,4.15769884753448
2070,2549,Local Bazaar - Tripoli,"Main Street, Tripoli, Libya",Market,,Market,Market,Tripoli,83,Libya,12,Middle East,3,Asia,0,4.15769884753448
2071,2549,Art Gallery - Tripoli,"Main Street, Tripoli, Libya",Museum,,Museum,Museum,Tripoli,83,Libya,12,Middle East,3,Asia,0,4.15769884753448
2072,2549,Paradise Beach - Tripoli,"Main Street, Tripoli, Libya",Beach,,Beach,Beach,Tripoli,83,Libya,12,Middle East,3,Asia,0,4.15769884753448
2073,2549,History Museum - Tripoli,"Main Street, Tripoli, Libya",Museum,,Museum,Museum,Tripoli,83,Libya,12,Middle East,3,Asia,0,4.15769884753448
2074,2551,Sacred Shrine - Muscat Governorate,"Main Street, Muscat Governorate, Oman",Temple,,Temple,Religious,Muscat Governorate,84,Oman,12,Middle East,3,Asia,0,4.15769884753448
2075,2551,Local Bazaar - Muscat Governorate,"Main Street, Muscat Governorate, Oman",Market,,Market,Market,Muscat Governorate,84,Oman,12,Middle East,3,Asia,0,4.15769884753448
2076,2551,Art Gallery - Muscat Governorate,"Main Street, Muscat Governorate, Oman",Museum,,Museum,Museum,Muscat Governorate,84,Oman,12,Middle East,3,Asia,0,4.15769884753448
2077,2551,Night Market - Muscat Governorate,"Main Street, Muscat Governorate, Oman",Market,,Market,Market,Muscat Governorate,84,Oman,12,Middle East,3,Asia,0,4.15769884753448
2078,2555,National Park - Seeb,"Main Street, Seeb, Oman",Park,,Park,Park,Seeb,84,Oman,12,Middle East,3,Asia,0,4.15769884753448
2079,2555,History Museum - Seeb,"Main Street, Seeb, Oman",Museum,,Museum,Museum,Seeb,84,Oman,12,Middle East,3,Asia,0,4.15769884753448
2080,2555,Wildlife Reserve - Seeb,"Main Street, Seeb, Oman",Park,,Park,Park,Seeb,84,Oman,12,Middle East,3,Asia,0,4.15769884753448
2081,2555,Cultural Heritage Center - Seeb,"Main Street, Seeb, Oman",Museum,,Museum,Museum,Seeb,84,Oman,12,Middle East,3,Asia,0,4.15769884753448
2082,2550,Crystal Bay - Muscat,"Main Street, Muscat, Oman",Beach,,Beach,Beach,Muscat,84,Oman,12,Middle East,3,Asia,0,4.15769884753448
2083,2550,Sacred Shrine - Muscat,"Main Street, Muscat, Oman",Temple,,Temple,Religious,Muscat,84,Oman,12,Middle East,3,Asia,0,4.15769884753448
2084,2550,Flea Market - Muscat,"Main Street, Muscat, Oman",Market,,Market,Market,Muscat,84,Oman,12,Middle East,3,Asia,0,4.15769884753448
2085,2550,Wildlife Reserve - Muscat,"Main Street, Muscat, Oman",Park,,Park,Park,Muscat,84,Oman,12,Middle East,3,Asia,0,4.15769884753448
2086,2559,Cathedral - Jericho,"Main Street, Jericho, Palestine",Temple,,Temple,Religious,Jericho,85,Palestine,12,Middle East,3,Asia,0,4.15769884753448
2087,2559,History Museum - Jericho,"Main Street, Jericho, Palestine",Museum,,Museum,Museum,Jericho,85,Palestine,12,Middle East,3,Asia,0,4.15769884753448
2088,2559,Grand Mosque - Jericho,"Main Street, Jericho, Palestine",Temple,,Temple,Religious,Jericho,85,Palestine,12,Middle East,3,Asia,0,4.15769884753448
2089,2559,Crystal Bay - Jericho,"Main Street, Jericho, Palestine",Beach,,Beach,Beach,Jericho,85,Palestine,12,Middle East,3,Asia,0,4.15769884753448
2090,2561,Crystal Bay - West Bank,"Main Street, West Bank, Palestine",Beach,,Beach,Beach,West Bank,85,Palestine,12,Middle East,3,Asia,0,4.15769884753448
2091,2561,Crystal Bay - West Bank,"Main Street, West Bank, Palestine",Beach,,Beach,Beach,West Bank,85,Palestine,12,Middle East,3,Asia,0,4.15769884753448
2092,2561,Paradise Beach - West Bank,"Main Street, West Bank, Palestine",Beach,,Beach,Beach,West Bank,85,Palestine,12,Middle East,3,Asia,0,4.15769884753448
2093,2561,Botanical Garden - West Bank,"Main Street, West Bank, Palestine",Park,,Park,Park,West Bank,85,Palestine,12,Middle East,3,Asia,0,4.15769884753448
2094,2558,History Museum - Hebron,"Main Street, Hebron, Palestine",Museum,,Museum,Museum,Hebron,85,Palestine,12,Middle East,3,Asia,0,4.15769884753448
2095,2558,Sacred Shrine - Hebron,"Main Street, Hebron, Palestine",Temple,,Temple,Religious,Hebron,85,Palestine,12,Middle East,3,Asia,0,4.15769884753448
2096,2558,Cultural Heritage Center - Hebron,"Main Street, Hebron, Palestine",Museum,,Museum,Museum,Hebron,85,Palestine,12,Middle East,3,Asia,0,4.15769884753448
2097,2558,Farmers' Market - Hebron,"Main Street, Hebron, Palestine",Market,,Market,Market,Hebron,85,Palestine,12,Middle East,3,Asia,0,4.15769884753448
2098,2563,Night Market - Al-Rayyan,"Main Street, Al-Rayyan, Qatar",Market,,Market,Market,Al-Rayyan,86,Qatar,12,Middle East,3,Asia,0,4.15769884753448
2099,2563,Night Market - Al-Rayyan,"Main Street, Al-Rayyan, Qatar",Market,,Market,Market,Al-Rayyan,86,Qatar,12,Middle East,3,Asia,0,4.15769884753448
2100,2563,Golden Sand Beach - Al-Rayyan,"Main Street, Al-Rayyan, Qatar",Beach,,Beach,Beach,Al-Rayyan,86,Qatar,12,Middle East,3,Asia,0,4.15769884753448
2101,2563,Cathedral - Al-Rayyan,"Main Street, Al-Rayyan, Qatar",Temple,,Temple,Religious,Al-Rayyan,86,Qatar,12,Middle East,3,Asia,0,4.15769884753448
2102,2566,Ancient Temple - Qatar,"Main Street, Qatar, Qatar",Temple,,Temple,Religious,Qatar,86,Qatar,12,Middle East,3,Asia,0,4.15769884753448
2103,2566,History Museum - Qatar,"Main Street, Qatar, Qatar",Museum,,Museum,Museum,Qatar,86,Qatar,12,Middle East,3,Asia,0,4.15769884753448
2104,2566,Art Gallery - Qatar,"Main Street, Qatar, Qatar",Museum,,Museum,Museum,Qatar,86,Qatar,12,Middle East,3,Asia,0,4.15769884753448
2105,2566,Cultural Heritage Center - Qatar,"Main Street, Qatar, Qatar",Museum,,Museum,Museum,Qatar,86,Qatar,12,Middle East,3,Asia,0,4.15769884753448
2106,2564,Art Gallery - Doha,"Main Street, Doha, Qatar",Museum,,Museum,Museum,Doha,86,Qatar,12,Middle East,3,Asia,0,4.15769884753448
2107,2564,Cathedral - Doha,"Main Street, Doha, Qatar",Temple,,Temple,Religious,Doha,86,Qatar,12,Middle East,3,Asia,0,4.15769884753448
2108,2564,Farmers' Market - Doha,"Main Street, Doha, Qatar",Market,,Market,Market,Doha,86,Qatar,12,Middle East,3,Asia,0,4.15769884753448
2109,2564,History Museum - Doha,"Main Street, Doha, Qatar",Museum,,Museum,Museum,Doha,86,Qatar,12,Middle East,3,Asia,0,4.15769884753448
2110,2582,Botanical Garden - Medina,"Main Street, Medina, Saudi Arabia",Park,,Park,Park,Medina,87,Saudi Arabia,12,Middle East,3,Asia,0,4.15769884753448
2111,2582,Cathedral - Medina,"Main Street, Medina, Saudi Arabia",Temple,,Temple,Religious,Medina,87,Saudi Arabia,12,Middle East,3,Asia,0,4.15769884753448
2112,2582,Wildlife Reserve - Medina,"Main Street, Medina, Saudi Arabia",Park,,Park,Park,Medina,87,Saudi Arabia,12,Middle East,3,Asia,0,4.15769884753448
2113,2582,Paradise Beach - Medina,"Main Street, Medina, Saudi Arabia",Beach,,Beach,Beach,Medina,87,Saudi Arabia,12,Middle East,3,Asia,0,4.15769884753448
2114,2576,Golden Sand Beach - Jeddah Saudi Arabia,"Main Street, Jeddah Saudi Arabia, Saudi Arabia",Beach,,Beach,Beach,Jeddah Saudi Arabia,87,Saudi Arabia,12,Middle East,3,Asia,0,4.15769884753448
2115,2576,Golden Sand Beach - Jeddah Saudi Arabia,"Main Street, Jeddah Saudi Arabia, Saudi Arabia",Beach,,Beach,Beach,Jeddah Saudi Arabia,87,Saudi Arabia,12,Middle East,3,Asia,0,4.15769884753448
2116,2576,Wildlife Reserve - Jeddah Saudi Arabia,"Main Street, Jeddah Saudi Arabia, Saudi Arabia",Park,,Park,Park,Jeddah Saudi Arabia,87,Saudi Arabia,12,Middle East,3,Asia,0,4.15769884753448
2117,2576,Sunset Cove - Jeddah Saudi Arabia,"Main Street, Jeddah Saudi Arabia, Saudi Arabia",Beach,,Beach,Beach,Jeddah Saudi Arabia,87,Saudi Arabia,12,Middle East,3,Asia,0,4.15769884753448
2118,2567,Local Bazaar - Al Hofuf,"Main Street, Al Hofuf, Saudi Arabia",Market,,Market,Market,Al Hofuf,87,Saudi Arabia,12,Middle East,3,Asia,0,4.15769884753448
2119,2567,Paradise Beach - Al Hofuf,"Main Street, Al Hofuf, Saudi Arabia",Beach,,Beach,Beach,Al Hofuf,87,Saudi Arabia,12,Middle East,3,Asia,0,4.15769884753448
2120,2567,Grand Mosque - Al Hofuf,"Main Street, Al Hofuf, Saudi Arabia",Temple,,Temple,Religious,Al Hofuf,87,Saudi Arabia,12,Middle East,3,Asia,0,4.15769884753448
2121,2567,Paradise Beach - Al Hofuf,"Main Street, Al Hofuf, Saudi Arabia",Beach,,Beach,Beach,Al Hofuf,87,Saudi Arabia,12,Middle East,3,Asia,0,4.15769884753448
2122,2598,Wildlife Reserve - Bursa,"Main Street, Bursa, Turkey",Park,,Park,Park,Bursa,88,Turkey,12,Middle East,3,Asia,0,4.15769884753448
2123,2598,Crystal Bay - Bursa,"Main Street, Bursa, Turkey",Beach,,Beach,Beach,Bursa,88,Turkey,12,Middle East,3,Asia,0,4.15769884753448
2124,2598,Botanical Garden - Bursa,"Main Street, Bursa, Turkey",Park,,Park,Park,Bursa,88,Turkey,12,Middle East,3,Asia,0,4.15769884753448
2125,2598,Local Bazaar - Bursa,"Main Street, Bursa, Turkey",Market,,Market,Market,Bursa,88,Turkey,12,Middle East,3,Asia,0,4.15769884753448
2126,2603,Ancient Temple - Goreme,"Main Street, Goreme, Turkey",Temple,,Temple,Religious,Goreme,88,Turkey,12,Middle East,3,Asia,0,4.15769884753448
2127,2603,Ancient Temple - Goreme,"Main Street, Goreme, Turkey",Temple,,Temple,Religious,Goreme,88,Turkey,12,Middle East,3,Asia,0,4.15769884753448
2128,2603,Flea Market - Goreme,"Main Street, Goreme, Turkey",Market,,Market,Market,Goreme,88,Turkey,12,Middle East,3,Asia,0,4.15769884753448
2129,2603,Paradise Beach - Goreme,"Main Street, Goreme, Turkey",Beach,,Beach,Beach,Goreme,88,Turkey,12,Middle East,3,Asia,0,4.15769884753448
2130,2599,Art Gallery - Datca,"Main Street, Datca, Turkey",Museum,,Museum,Museum,Datca,88,Turkey,12,Middle East,3,Asia,0,4.15769884753448
2131,2599,Art Gallery - Datca,"Main Street, Datca, Turkey",Museum,,Museum,Museum,Datca,88,Turkey,12,Middle East,3,Asia,0,4.15769884753448
2132,2599,Crystal Bay - Datca,"Main Street, Datca, Turkey",Beach,,Beach,Beach,Datca,88,Turkey,12,Middle East,3,Asia,0,4.15769884753448
2133,2599,Eco Park - Datca,"Main Street, Datca, Turkey",Park,,Park,Park,Datca,88,Turkey,12,Middle East,3,Asia,0,4.15769884753448
2134,2625,National Park - Emirate of Dubai,"Main Street, Emirate of Dubai, United Arab Emirates",Park,,Park,Park,Emirate of Dubai,89,United Arab Emirates,12,Middle East,3,Asia,0,4.15769884753448
2135,2625,History Museum - Emirate of Dubai,"Main Street, Emirate of Dubai, United Arab Emirates",Museum,,Museum,Museum,Emirate of Dubai,89,United Arab Emirates,12,Middle East,3,Asia,0,4.15769884753448
2136,2625,Ancient Temple - Emirate of Dubai,"Main Street, Emirate of Dubai, United Arab Emirates",Temple,,Temple,Religious,Emirate of Dubai,89,United Arab Emirates,12,Middle East,3,Asia,0,4.15769884753448
2137,2625,Ancient Temple - Emirate of Dubai,"Main Street, Emirate of Dubai, United Arab Emirates",Temple,,Temple,Religious,Emirate of Dubai,89,United Arab Emirates,12,Middle East,3,Asia,0,4.15769884753448
2138,2633,Paradise Beach - Riverland,"Main Street, Riverland, United Arab Emirates",Beach,,Beach,Beach,Riverland,89,United Arab Emirates,12,Middle East,3,Asia,0,4.15769884753448
2139,2633,Grand Mosque - Riverland,"Main Street, Riverland, United Arab Emirates",Temple,,Temple,Religious,Riverland,89,United Arab Emirates,12,Middle East,3,Asia,0,4.15769884753448
2140,2633,Cathedral - Riverland,"Main Street, Riverland, United Arab Emirates",Temple,,Temple,Religious,Riverland,89,United Arab Emirates,12,Middle East,3,Asia,0,4.15769884753448
2141,2633,History Museum - Riverland,"Main Street, Riverland, United Arab Emirates",Museum,,Museum,Museum,Riverland,89,United Arab Emirates,12,Middle East,3,Asia,0,4.15769884753448
2142,2617,Night Market - Abu Dhabi,"Main Street, Abu Dhabi, United Arab Emirates",Market,,Market,Market,Abu Dhabi,89,United Arab Emirates,12,Middle East,3,Asia,0,4.15769884753448
2143,2617,Botanical Garden - Abu Dhabi,"Main Street, Abu Dhabi, United Arab Emirates",Park,,Park,Park,Abu Dhabi,89,United Arab Emirates,12,Middle East,3,Asia,0,4.15769884753448
2144,2617,Cultural Heritage Center - Abu Dhabi,"Main Street, Abu Dhabi, United Arab Emirates",Museum,,Museum,Museum,Abu Dhabi,89,United Arab Emirates,12,Middle East,3,Asia,0,4.15769884753448
2145,2617,Sacred Shrine - Abu Dhabi,"Main Street, Abu Dhabi, United Arab Emirates",Temple,,Temple,Religious,Abu Dhabi,89,United Arab Emirates,12,Middle East,3,Asia,0,4.15769884753448
2146,2642,Science Museum - Kabul,"Main Street, Kabul, Afghanistan",Museum,,Museum,Museum,Kabul,90,Afghanistan,13,South Asia,3,Asia,0,4.15769884753448
2147,2642,Paradise Beach - Kabul,"Main Street, Kabul, Afghanistan",Beach,,Beach,Beach,Kabul,90,Afghanistan,13,South Asia,3,Asia,0,4.15769884753448
2148,2642,Science Museum - Kabul,"Main Street, Kabul, Afghanistan",Museum,,Museum,Museum,Kabul,90,Afghanistan,13,South Asia,3,Asia,0,4.15769884753448
2149,2642,National Park - Kabul,"Main Street, Kabul, Afghanistan",Park,,Park,Park,Kabul,90,Afghanistan,13,South Asia,3,Asia,0,4.15769884753448
2150,2641,Eco Park - Bagram,"Main Street, Bagram, Afghanistan",Park,,Park,Park,Bagram,90,Afghanistan,13,South Asia,3,Asia,0,4.15769884753448
2151,2641,Night Market - Bagram,"Main Street, Bagram, Afghanistan",Market,,Market,Market,Bagram,90,Afghanistan,13,South Asia,3,Asia,0,4.15769884753448
2152,2641,Eco Park - Bagram,"Main Street, Bagram, Afghanistan",Park,,Park,Park,Bagram,90,Afghanistan,13,South Asia,3,Asia,0,4.15769884753448
2153,2641,Crystal Bay - Bagram,"Main Street, Bagram, Afghanistan",Beach,,Beach,Beach,Bagram,90,Afghanistan,13,South Asia,3,Asia,0,4.15769884753448
2154,2643,Golden Sand Beach - Bangladesh,"Main Street, Bangladesh, Bangladesh",Beach,,Beach,Beach,Bangladesh,91,Bangladesh,13,South Asia,3,Asia,0,4.15769884753448
2155,2643,Sacred Shrine - Bangladesh,"Main Street, Bangladesh, Bangladesh",Temple,,Temple,Religious,Bangladesh,91,Bangladesh,13,South Asia,3,Asia,0,4.15769884753448
2156,2643,Sacred Shrine - Bangladesh,"Main Street, Bangladesh, Bangladesh",Temple,,Temple,Religious,Bangladesh,91,Bangladesh,13,South Asia,3,Asia,0,4.15769884753448
2157,2643,National Park - Bangladesh,"Main Street, Bangladesh, Bangladesh",Park,,Park,Park,Bangladesh,91,Bangladesh,13,South Asia,3,Asia,0,4.15769884753448
2158,2644,Eco Park - Barisal Division,"Main Street, Barisal Division, Bangladesh",Park,,Park,Park,Barisal Division,91,Bangladesh,13,South Asia,3,Asia,0,4.15769884753448
2159,2644,Sunset Cove - Barisal Division,"Main Street, Barisal Division, Bangladesh",Beach,,Beach,Beach,Barisal Division,91,Bangladesh,13,South Asia,3,Asia,0,4.15769884753448
2160,2644,Sunset Cove - Barisal Division,"Main Street, Barisal Division, Bangladesh",Beach,,Beach,Beach,Barisal Division,91,Bangladesh,13,South Asia,3,Asia,0,4.15769884753448
2161,2644,Science Museum - Barisal Division,"Main Street, Barisal Division, Bangladesh",Museum,,Museum,Museum,Barisal Division,91,Bangladesh,13,South Asia,3,Asia,0,4.15769884753448
2162,2648,Ancient Temple - Dhaka City,"Main Street, Dhaka City, Bangladesh",Temple,,Temple,Religious,Dhaka City,91,Bangladesh,13,South Asia,3,Asia,0,4.15769884753448
2163,2648,Cultural Heritage Center - Dhaka City,"Main Street, Dhaka City, Bangladesh",Museum,,Museum,Museum,Dhaka City,91,Bangladesh,13,South Asia,3,Asia,0,4.15769884753448
2164,2648,History Museum - Dhaka City,"Main Street, Dhaka City, Bangladesh",Museum,,Museum,Museum,Dhaka City,91,Bangladesh,13,South Asia,3,Asia,0,4.15769884753448
2165,2648,Sacred Shrine - Dhaka City,"Main Street, Dhaka City, Bangladesh",Temple,,Temple,Religious,Dhaka City,91,Bangladesh,13,South Asia,3,Asia,0,4.15769884753448
2166,2661,Crystal Bay - Thimphu,"Main Street, Thimphu, Bhutan",Beach,,Beach,Beach,Thimphu,92,Bhutan,13,South Asia,3,Asia,0,4.15769884753448
2167,2661,Paradise Beach - Thimphu,"Main Street, Thimphu, Bhutan",Beach,,Beach,Beach,Thimphu,92,Bhutan,13,South Asia,3,Asia,0,4.15769884753448
2168,2661,Eco Park - Thimphu,"Main Street, Thimphu, Bhutan",Park,,Park,Park,Thimphu,92,Bhutan,13,South Asia,3,Asia,0,4.15769884753448
2169,2661,Sacred Shrine - Thimphu,"Main Street, Thimphu, Bhutan",Temple,,Temple,Religious,Thimphu,92,Bhutan,13,South Asia,3,Asia,0,4.15769884753448
2170,2660,Cultural Heritage Center - Paro,"Main Street, Paro, Bhutan",Museum,,Museum,Museum,Paro,92,Bhutan,13,South Asia,3,Asia,0,4.15769884753448
2171,2660,Sacred Shrine - Paro,"Main Street, Paro, Bhutan",Temple,,Temple,Religious,Paro,92,Bhutan,13,South Asia,3,Asia,0,4.15769884753448
2172,2660,Wildlife Reserve - Paro,"Main Street, Paro, Bhutan",Park,,Park,Park,Paro,92,Bhutan,13,South Asia,3,Asia,0,4.15769884753448
2173,2660,National Park - Paro,"Main Street, Paro, Bhutan",Park,,Park,Park,Paro,92,Bhutan,13,South Asia,3,Asia,0,4.15769884753448
2174,2777,Paradise Beach - Kasauli,"Main Street, Kasauli, India",Beach,,Beach,Beach,Kasauli,93,India,13,South Asia,3,Asia,0,4.15769884753448
2175,2777,Grand Mosque - Kasauli,"Main Street, Kasauli, India",Temple,,Temple,Religious,Kasauli,93,India,13,South Asia,3,Asia,0,4.15769884753448
2176,2777,Golden Sand Beach - Kasauli,"Main Street, Kasauli, India",Beach,,Beach,Beach,Kasauli,93,India,13,South Asia,3,Asia,0,4.15769884753448
2177,2777,Crystal Bay - Kasauli,"Main Street, Kasauli, India",Beach,,Beach,Beach,Kasauli,93,India,13,South Asia,3,Asia,0,4.15769884753448
2178,2782,Local Bazaar - Kochi,"Main Street, Kochi, India",Market,,Market,Market,Kochi,93,India,13,South Asia,3,Asia,0,4.15769884753448
2179,2782,Wildlife Reserve - Kochi,"Main Street, Kochi, India",Park,,Park,Park,Kochi,93,India,13,South Asia,3,Asia,0,4.15769884753448
2180,2782,Cathedral - Kochi,"Main Street, Kochi, India",Temple,,Temple,Religious,Kochi,93,India,13,South Asia,3,Asia,0,4.15769884753448
2181,2782,Local Bazaar - Kochi,"Main Street, Kochi, India",Market,,Market,Market,Kochi,93,India,13,South Asia,3,Asia,0,4.15769884753448
2182,2921,Flea Market - Warangal,"Main Street, Warangal, India",Market,,Market,Market,Warangal,93,India,13,South Asia,3,Asia,0,4.15769884753448
2183,2921,Wildlife Reserve - Warangal,"Main Street, Warangal, India",Park,,Park,Park,Warangal,93,India,13,South Asia,3,Asia,0,4.15769884753448
2184,2921,Crystal Bay - Warangal,"Main Street, Warangal, India",Beach,,Beach,Beach,Warangal,93,India,13,South Asia,3,Asia,0,4.15769884753448
2185,2921,Cultural Heritage Center - Warangal,"Main Street, Warangal, India",Museum,,Museum,Museum,Warangal,93,India,13,South Asia,3,Asia,0,4.15769884753448
2186,2930,Cultural Heritage Center - Hulhumale Maldives,"Main Street, Hulhumale Maldives, Maldives",Museum,,Museum,Museum,Hulhumale Maldives,94,Maldives,13,South Asia,3,Asia,0,4.15769884753448
2187,2930,National Park - Hulhumale Maldives,"Main Street, Hulhumale Maldives, Maldives",Park,,Park,Park,Hulhumale Maldives,94,Maldives,13,South Asia,3,Asia,0,4.15769884753448
2188,2930,Eco Park - Hulhumale Maldives,"Main Street, Hulhumale Maldives, Maldives",Park,,Park,Park,Hulhumale Maldives,94,Maldives,13,South Asia,3,Asia,0,4.15769884753448
2189,2930,Science Museum - Hulhumale Maldives,"Main Street, Hulhumale Maldives, Maldives",Museum,,Museum,Museum,Hulhumale Maldives,94,Maldives,13,South Asia,3,Asia,0,4.15769884753448
2190,2925,Ancient Temple - Addu City,"Main Street, Addu City, Maldives",Temple,,Temple,Religious,Addu City,94,Maldives,13,South Asia,3,Asia,0,4.15769884753448
2191,2925,Grand Mosque - Addu City,"Main Street, Addu City, Maldives",Temple,,Temple,Religious,Addu City,94,Maldives,13,South Asia,3,Asia,0,4.15769884753448
2192,2925,Night Market - Addu City,"Main Street, Addu City, Maldives",Market,,Market,Market,Addu City,94,Maldives,13,South Asia,3,Asia,0,4.15769884753448
2193,2925,Art Gallery - Addu City,"Main Street, Addu City, Maldives",Museum,,Museum,Museum,Addu City,94,Maldives,13,South Asia,3,Asia,0,4.15769884753448
2194,2934,Crystal Bay - Male,"Main Street, Male, Maldives",Beach,,Beach,Beach,Male,94,Maldives,13,South Asia,3,Asia,0,4.15769884753448
2195,2934,Wildlife Reserve - Male,"Main Street, Male, Maldives",Park,,Park,Park,Male,94,Maldives,13,South Asia,3,Asia,0,4.15769884753448
2196,2934,Cathedral - Male,"Main Street, Male, Maldives",Temple,,Temple,Religious,Male,94,Maldives,13,South Asia,3,Asia,0,4.15769884753448
2197,2934,Paradise Beach - Male,"Main Street, Male, Maldives",Beach,,Beach,Beach,Male,94,Maldives,13,South Asia,3,Asia,0,4.15769884753448
2198,2936,Flea Market - Bhaktapur,"Main Street, Bhaktapur, Nepal",Market,,Market,Market,Bhaktapur,95,Nepal,13,South Asia,3,Asia,0,4.15769884753448
2199,2936,Art Gallery - Bhaktapur,"Main Street, Bhaktapur, Nepal",Museum,,Museum,Museum,Bhaktapur,95,Nepal,13,South Asia,3,Asia,0,4.15769884753448
2200,2936,Local Bazaar - Bhaktapur,"Main Street, Bhaktapur, Nepal",Market,,Market,Market,Bhaktapur,95,Nepal,13,South Asia,3,Asia,0,4.15769884753448
2201,2936,Eco Park - Bhaktapur,"Main Street, Bhaktapur, Nepal",Park,,Park,Park,Bhaktapur,95,Nepal,13,South Asia,3,Asia,0,4.15769884753448
2202,2937,Ancient Temple - Dharan,"Main Street, Dharan, Nepal",Temple,,Temple,Religious,Dharan,95,Nepal,13,South Asia,3,Asia,0,4.15769884753448
2203,2937,National Park - Dharan,"Main Street, Dharan, Nepal",Park,,Park,Park,Dharan,95,Nepal,13,South Asia,3,Asia,0,4.15769884753448
2204,2937,Sacred Shrine - Dharan,"Main Street, Dharan, Nepal",Temple,,Temple,Religious,Dharan,95,Nepal,13,South Asia,3,Asia,0,4.15769884753448
2205,2937,Science Museum - Dharan,"Main Street, Dharan, Nepal",Museum,,Museum,Museum,Dharan,95,Nepal,13,South Asia,3,Asia,0,4.15769884753448
2206,2941,Science Museum - Patan (Lalitpur),"Main Street, Patan (Lalitpur), Nepal",Museum,,Museum,Museum,Patan (Lalitpur),95,Nepal,13,South Asia,3,Asia,0,4.15769884753448
2207,2941,Grand Mosque - Patan (Lalitpur),"Main Street, Patan (Lalitpur), Nepal",Temple,,Temple,Religious,Patan (Lalitpur),95,Nepal,13,South Asia,3,Asia,0,4.15769884753448
2208,2941,Flea Market - Patan (Lalitpur),"Main Street, Patan (Lalitpur), Nepal",Market,,Market,Market,Patan (Lalitpur),95,Nepal,13,South Asia,3,Asia,0,4.15769884753448
2209,2941,Paradise Beach - Patan (Lalitpur),"Main Street, Patan (Lalitpur), Nepal",Beach,,Beach,Beach,Patan (Lalitpur),95,Nepal,13,South Asia,3,Asia,0,4.15769884753448
2210,2950,National Park - Sahiwal,"Main Street, Sahiwal, Pakistan",Park,,Park,Park,Sahiwal,96,Pakistan,13,South Asia,3,Asia,0,4.15769884753448
2211,2950,Crystal Bay - Sahiwal,"Main Street, Sahiwal, Pakistan",Beach,,Beach,Beach,Sahiwal,96,Pakistan,13,South Asia,3,Asia,0,4.15769884753448
2212,2950,History Museum - Sahiwal,"Main Street, Sahiwal, Pakistan",Museum,,Museum,Museum,Sahiwal,96,Pakistan,13,South Asia,3,Asia,0,4.15769884753448
2213,2950,Cathedral - Sahiwal,"Main Street, Sahiwal, Pakistan",Temple,,Temple,Religious,Sahiwal,96,Pakistan,13,South Asia,3,Asia,0,4.15769884753448
2214,2944,Golden Sand Beach - Hyderabad,"Main Street, Hyderabad, Pakistan",Beach,,Beach,Beach,Hyderabad,96,Pakistan,13,South Asia,3,Asia,0,4.15769884753448
2215,2944,Cathedral - Hyderabad,"Main Street, Hyderabad, Pakistan",Temple,,Temple,Religious,Hyderabad,96,Pakistan,13,South Asia,3,Asia,0,4.15769884753448
2216,2944,Paradise Beach - Hyderabad,"Main Street, Hyderabad, Pakistan",Beach,,Beach,Beach,Hyderabad,96,Pakistan,13,South Asia,3,Asia,0,4.15769884753448
2217,2944,Crystal Bay - Hyderabad,"Main Street, Hyderabad, Pakistan",Beach,,Beach,Beach,Hyderabad,96,Pakistan,13,South Asia,3,Asia,0,4.15769884753448
2218,2948,Botanical Garden - Lahore,"Main Street, Lahore, Pakistan",Park,,Park,Park,Lahore,96,Pakistan,13,South Asia,3,Asia,0,4.15769884753448
2219,2948,History Museum - Lahore,"Main Street, Lahore, Pakistan",Museum,,Museum,Museum,Lahore,96,Pakistan,13,South Asia,3,Asia,0,4.15769884753448
2220,2948,Local Bazaar - Lahore,"Main Street, Lahore, Pakistan",Market,,Market,Market,Lahore,96,Pakistan,13,South Asia,3,Asia,0,4.15769884753448
2221,2948,Science Museum - Lahore,"Main Street, Lahore, Pakistan",Museum,,Museum,Museum,Lahore,96,Pakistan,13,South Asia,3,Asia,0,4.15769884753448
2222,2979,Cultural Heritage Center - Unawatuna,"Main Street, Unawatuna, Sri Lanka",Museum,,Museum,Museum,Unawatuna,97,Sri Lanka,13,South Asia,3,Asia,0,4.15769884753448
2223,2979,History Museum - Unawatuna,"Main Street, Unawatuna, Sri Lanka",Museum,,Museum,Museum,Unawatuna,97,Sri Lanka,13,South Asia,3,Asia,0,4.15769884753448
2224,2979,Science Museum - Unawatuna,"Main Street, Unawatuna, Sri Lanka",Museum,,Museum,Museum,Unawatuna,97,Sri Lanka,13,South Asia,3,Asia,0,4.15769884753448
2225,2979,Golden Sand Beach - Unawatuna,"Main Street, Unawatuna, Sri Lanka",Beach,,Beach,Beach,Unawatuna,97,Sri Lanka,13,South Asia,3,Asia,0,4.15769884753448
2226,2968,Night Market - Maharagama,"Main Street, Maharagama, Sri Lanka",Market,,Market,Market,Maharagama,97,Sri Lanka,13,South Asia,3,Asia,0,4.15769884753448
2227,2968,Sacred Shrine - Maharagama,"Main Street, Maharagama, Sri Lanka",Temple,,Temple,Religious,Maharagama,97,Sri Lanka,13,South Asia,3,Asia,0,4.15769884753448
2228,2968,Flea Market - Maharagama,"Main Street, Maharagama, Sri Lanka",Market,,Market,Market,Maharagama,97,Sri Lanka,13,South Asia,3,Asia,0,4.15769884753448
2229,2968,History Museum - Maharagama,"Main Street, Maharagama, Sri Lanka",Museum,,Museum,Museum,Maharagama,97,Sri Lanka,13,South Asia,3,Asia,0,4.15769884753448
2230,2964,Grand Mosque - Jaffna,"Main Street, Jaffna, Sri Lanka",Temple,,Temple,Religious,Jaffna,97,Sri Lanka,13,South Asia,3,Asia,0,4.15769884753448
2231,2964,Botanical Garden - Jaffna,"Main Street, Jaffna, Sri Lanka",Park,,Park,Park,Jaffna,97,Sri Lanka,13,South Asia,3,Asia,0,4.15769884753448
2232,2964,Cathedral - Jaffna,"Main Street, Jaffna, Sri Lanka",Temple,,Temple,Religious,Jaffna,97,Sri Lanka,13,South Asia,3,Asia,0,4.15769884753448
2233,2964,Paradise Beach - Jaffna,"Main Street, Jaffna, Sri Lanka",Beach,,Beach,Beach,Jaffna,97,Sri Lanka,13,South Asia,3,Asia,0,4.15769884753448
2234,2988,Art Gallery - Kuala Belait,"Main Street, Kuala Belait, Brunei Darussalam",Museum,,Museum,Museum,Kuala Belait,98,Brunei Darussalam,14,South East Asia,3,Asia,0,4.15769884753448
2235,2988,History Museum - Kuala Belait,"Main Street, Kuala Belait, Brunei Darussalam",Museum,,Museum,Museum,Kuala Belait,98,Brunei Darussalam,14,South East Asia,3,Asia,0,4.15769884753448
2236,2988,Cathedral - Kuala Belait,"Main Street, Kuala Belait, Brunei Darussalam",Temple,,Temple,Religious,Kuala Belait,98,Brunei Darussalam,14,South East Asia,3,Asia,0,4.15769884753448
2237,2988,Wildlife Reserve - Kuala Belait,"Main Street, Kuala Belait, Brunei Darussalam",Park,,Park,Park,Kuala Belait,98,Brunei Darussalam,14,South East Asia,3,Asia,0,4.15769884753448
2238,2982,Golden Sand Beach - Brunei,"Main Street, Brunei, Brunei Darussalam",Beach,,Beach,Beach,Brunei,98,Brunei Darussalam,14,South East Asia,3,Asia,0,4.15769884753448
2239,2982,Sacred Shrine - Brunei,"Main Street, Brunei, Brunei Darussalam",Temple,,Temple,Religious,Brunei,98,Brunei Darussalam,14,South East Asia,3,Asia,0,4.15769884753448
2240,2982,Wildlife Reserve - Brunei,"Main Street, Brunei, Brunei Darussalam",Park,,Park,Park,Brunei,98,Brunei Darussalam,14,South East Asia,3,Asia,0,4.15769884753448
2241,2982,Local Bazaar - Brunei,"Main Street, Brunei, Brunei Darussalam",Market,,Market,Market,Brunei,98,Brunei Darussalam,14,South East Asia,3,Asia,0,4.15769884753448
2242,2986,Grand Mosque - Kampong Jerudong,"Main Street, Kampong Jerudong, Brunei Darussalam",Temple,,Temple,Religious,Kampong Jerudong,98,Brunei Darussalam,14,South East Asia,3,Asia,0,4.15769884753448
2243,2986,History Museum - Kampong Jerudong,"Main Street, Kampong Jerudong, Brunei Darussalam",Museum,,Museum,Museum,Kampong Jerudong,98,Brunei Darussalam,14,South East Asia,3,Asia,0,4.15769884753448
2244,2986,Golden Sand Beach - Kampong Jerudong,"Main Street, Kampong Jerudong, Brunei Darussalam",Beach,,Beach,Beach,Kampong Jerudong,98,Brunei Darussalam,14,South East Asia,3,Asia,0,4.15769884753448
2245,2986,Paradise Beach - Kampong Jerudong,"Main Street, Kampong Jerudong, Brunei Darussalam",Beach,,Beach,Beach,Kampong Jerudong,98,Brunei Darussalam,14,South East Asia,3,Asia,0,4.15769884753448
2246,2997,Sunset Cove - Siem Reap Province,"Main Street, Siem Reap Province, Cambodia",Beach,,Beach,Beach,Siem Reap Province,99,Cambodia,14,South East Asia,3,Asia,0,4.15769884753448
2247,2997,Flea Market - Siem Reap Province,"Main Street, Siem Reap Province, Cambodia",Market,,Market,Market,Siem Reap Province,99,Cambodia,14,South East Asia,3,Asia,0,4.15769884753448
2248,2997,Ancient Temple - Siem Reap Province,"Main Street, Siem Reap Province, Cambodia",Temple,,Temple,Religious,Siem Reap Province,99,Cambodia,14,South East Asia,3,Asia,0,4.15769884753448
2249,2997,Wildlife Reserve - Siem Reap Province,"Main Street, Siem Reap Province, Cambodia",Park,,Park,Park,Siem Reap Province,99,Cambodia,14,South East Asia,3,Asia,0,4.15769884753448
2250,2991,National Park - Cambodia,"Main Street, Cambodia, Cambodia",Park,,Park,Park,Cambodia,99,Cambodia,14,South East Asia,3,Asia,0,4.15769884753448
2251,2991,Art Gallery - Cambodia,"Main Street, Cambodia, Cambodia",Museum,,Museum,Museum,Cambodia,99,Cambodia,14,South East Asia,3,Asia,0,4.15769884753448
2252,2991,Sacred Shrine - Cambodia,"Main Street, Cambodia, Cambodia",Temple,,Temple,Religious,Cambodia,99,Cambodia,14,South East Asia,3,Asia,0,4.15769884753448
2253,2991,Cathedral - Cambodia,"Main Street, Cambodia, Cambodia",Temple,,Temple,Religious,Cambodia,99,Cambodia,14,South East Asia,3,Asia,0,4.15769884753448
2254,2995,Ancient Temple - Poipet,"Main Street, Poipet, Cambodia",Temple,,Temple,Religious,Poipet,99,Cambodia,14,South East Asia,3,Asia,0,4.15769884753448
2255,2995,Art Gallery - Poipet,"Main Street, Poipet, Cambodia",Museum,,Museum,Museum,Poipet,99,Cambodia,14,South East Asia,3,Asia,0,4.15769884753448
2256,2995,Ancient Temple - Poipet,"Main Street, Poipet, Cambodia",Temple,,Temple,Religious,Poipet,99,Cambodia,14,South East Asia,3,Asia,0,4.15769884753448
2257,2995,Sacred Shrine - Poipet,"Main Street, Poipet, Cambodia",Temple,,Temple,Religious,Poipet,99,Cambodia,14,South East Asia,3,Asia,0,4.15769884753448
2258,3000,History Museum - Dili District,"Main Street, Dili District, East Timor",Museum,,Museum,Museum,Dili District,100,East Timor,14,South East Asia,3,Asia,0,4.15769884753448
2259,3000,National Park - Dili District,"Main Street, Dili District, East Timor",Park,,Park,Park,Dili District,100,East Timor,14,South East Asia,3,Asia,0,4.15769884753448
2260,3000,Art Gallery - Dili District,"Main Street, Dili District, East Timor",Museum,,Museum,Museum,Dili District,100,East Timor,14,South East Asia,3,Asia,0,4.15769884753448
2261,3000,Art Gallery - Dili District,"Main Street, Dili District, East Timor",Museum,,Museum,Museum,Dili District,100,East Timor,14,South East Asia,3,Asia,0,4.15769884753448
2262,3002,Night Market - Metiaut,"Main Street, Metiaut, East Timor",Market,,Market,Market,Metiaut,100,East Timor,14,South East Asia,3,Asia,0,4.15769884753448
2263,3002,Science Museum - Metiaut,"Main Street, Metiaut, East Timor",Museum,,Museum,Museum,Metiaut,100,East Timor,14,South East Asia,3,Asia,0,4.15769884753448
2264,3002,History Museum - Metiaut,"Main Street, Metiaut, East Timor",Museum,,Museum,Museum,Metiaut,100,East Timor,14,South East Asia,3,Asia,0,4.15769884753448
2265,3002,Cathedral - Metiaut,"Main Street, Metiaut, East Timor",Temple,,Temple,Religious,Metiaut,100,East Timor,14,South East Asia,3,Asia,0,4.15769884753448
2266,2999,Local Bazaar - Dili,"Main Street, Dili, East Timor",Market,,Market,Market,Dili,100,East Timor,14,South East Asia,3,Asia,0,4.15769884753448
2267,2999,Cathedral - Dili,"Main Street, Dili, East Timor",Temple,,Temple,Religious,Dili,100,East Timor,14,South East Asia,3,Asia,0,4.15769884753448
2268,2999,Botanical Garden - Dili,"Main Street, Dili, East Timor",Park,,Park,Park,Dili,100,East Timor,14,South East Asia,3,Asia,0,4.15769884753448
2269,2999,Crystal Bay - Dili,"Main Street, Dili, East Timor",Beach,,Beach,Beach,Dili,100,East Timor,14,South East Asia,3,Asia,0,4.15769884753448
2270,3276,Paradise Beach - Tembagapura,"Main Street, Tembagapura, Indonesia",Beach,,Beach,Beach,Tembagapura,101,Indonesia,14,South East Asia,3,Asia,0,4.15769884753448
2271,3276,Cathedral - Tembagapura,"Main Street, Tembagapura, Indonesia",Temple,,Temple,Religious,Tembagapura,101,Indonesia,14,South East Asia,3,Asia,0,4.15769884753448
2272,3276,Paradise Beach - Tembagapura,"Main Street, Tembagapura, Indonesia",Beach,,Beach,Beach,Tembagapura,101,Indonesia,14,South East Asia,3,Asia,0,4.15769884753448
2273,3276,Cathedral - Tembagapura,"Main Street, Tembagapura, Indonesia",Temple,,Temple,Religious,Tembagapura,101,Indonesia,14,South East Asia,3,Asia,0,4.15769884753448
2274,3158,Grand Mosque - Manado,"Main Street, Manado, Indonesia",Temple,,Temple,Religious,Manado,101,Indonesia,14,South East Asia,3,Asia,0,4.15769884753448
2275,3158,Science Museum - Manado,"Main Street, Manado, Indonesia",Museum,,Museum,Museum,Manado,101,Indonesia,14,South East Asia,3,Asia,0,4.15769884753448
2276,3158,Flea Market - Manado,"Main Street, Manado, Indonesia",Market,,Market,Market,Manado,101,Indonesia,14,South East Asia,3,Asia,0,4.15769884753448
2277,3158,Cultural Heritage Center - Manado,"Main Street, Manado, Indonesia",Museum,,Museum,Museum,Manado,101,Indonesia,14,South East Asia,3,Asia,0,4.15769884753448
2278,3087,Paradise Beach - Gili Meno,"Main Street, Gili Meno, Indonesia",Beach,,Beach,Beach,Gili Meno,101,Indonesia,14,South East Asia,3,Asia,0,4.15769884753448
2279,3087,Eco Park - Gili Meno,"Main Street, Gili Meno, Indonesia",Park,,Park,Park,Gili Meno,101,Indonesia,14,South East Asia,3,Asia,0,4.15769884753448
2280,3087,Cathedral - Gili Meno,"Main Street, Gili Meno, Indonesia",Temple,,Temple,Religious,Gili Meno,101,Indonesia,14,South East Asia,3,Asia,0,4.15769884753448
2281,3087,Sunset Cove - Gili Meno,"Main Street, Gili Meno, Indonesia",Beach,,Beach,Beach,Gili Meno,101,Indonesia,14,South East Asia,3,Asia,0,4.15769884753448
2282,3298,Sunset Cove - Laos,"Main Street, Laos, Laos",Beach,,Beach,Beach,Laos,102,Laos,14,South East Asia,3,Asia,0,4.15769884753448
2283,3298,Wildlife Reserve - Laos,"Main Street, Laos, Laos",Park,,Park,Park,Laos,102,Laos,14,South East Asia,3,Asia,0,4.15769884753448
2284,3298,Ancient Temple - Laos,"Main Street, Laos, Laos",Temple,,Temple,Religious,Laos,102,Laos,14,South East Asia,3,Asia,0,4.15769884753448
2285,3298,Local Bazaar - Laos,"Main Street, Laos, Laos",Market,,Market,Market,Laos,102,Laos,14,South East Asia,3,Asia,0,4.15769884753448
2286,3299,Farmers' Market - Luang Namtha,"Main Street, Luang Namtha, Laos",Market,,Market,Market,Luang Namtha,102,Laos,14,South East Asia,3,Asia,0,4.15769884753448
2287,3299,Cultural Heritage Center - Luang Namtha,"Main Street, Luang Namtha, Laos",Museum,,Museum,Museum,Luang Namtha,102,Laos,14,South East Asia,3,Asia,0,4.15769884753448
2288,3299,Flea Market - Luang Namtha,"Main Street, Luang Namtha, Laos",Market,,Market,Market,Luang Namtha,102,Laos,14,South East Asia,3,Asia,0,4.15769884753448
2289,3299,Crystal Bay - Luang Namtha,"Main Street, Luang Namtha, Laos",Beach,,Beach,Beach,Luang Namtha,102,Laos,14,South East Asia,3,Asia,0,4.15769884753448
2290,3303,Local Bazaar - Vientiane,"Main Street, Vientiane, Laos",Market,,Market,Market,Vientiane,102,Laos,14,South East Asia,3,Asia,0,4.15769884753448
2291,3303,Science Museum - Vientiane,"Main Street, Vientiane, Laos",Museum,,Museum,Museum,Vientiane,102,Laos,14,South East Asia,3,Asia,0,4.15769884753448
2292,3303,Golden Sand Beach - Vientiane,"Main Street, Vientiane, Laos",Beach,,Beach,Beach,Vientiane,102,Laos,14,South East Asia,3,Asia,0,4.15769884753448
2293,3303,Art Gallery - Vientiane,"Main Street, Vientiane, Laos",Museum,,Museum,Museum,Vientiane,102,Laos,14,South East Asia,3,Asia,0,4.15769884753448
2294,3322,Eco Park - Cheras,"Main Street, Cheras, Malaysia",Park,,Park,Park,Cheras,103,Malaysia,14,South East Asia,3,Asia,0,4.15769884753448
2295,3322,Cathedral - Cheras,"Main Street, Cheras, Malaysia",Temple,,Temple,Religious,Cheras,103,Malaysia,14,South East Asia,3,Asia,0,4.15769884753448
2296,3322,Ancient Temple - Cheras,"Main Street, Cheras, Malaysia",Temple,,Temple,Religious,Cheras,103,Malaysia,14,South East Asia,3,Asia,0,4.15769884753448
2297,3322,Flea Market - Cheras,"Main Street, Cheras, Malaysia",Market,,Market,Market,Cheras,103,Malaysia,14,South East Asia,3,Asia,0,4.15769884753448
2298,3349,Sunset Cove - Kota Bharu,"Main Street, Kota Bharu, Malaysia",Beach,,Beach,Beach,Kota Bharu,103,Malaysia,14,South East Asia,3,Asia,0,4.15769884753448
2299,3349,Grand Mosque - Kota Bharu,"Main Street, Kota Bharu, Malaysia",Temple,,Temple,Religious,Kota Bharu,103,Malaysia,14,South East Asia,3,Asia,0,4.15769884753448
2300,3349,Farmers' Market - Kota Bharu,"Main Street, Kota Bharu, Malaysia",Market,,Market,Market,Kota Bharu,103,Malaysia,14,South East Asia,3,Asia,0,4.15769884753448
2301,3349,Sacred Shrine - Kota Bharu,"Main Street, Kota Bharu, Malaysia",Temple,,Temple,Religious,Kota Bharu,103,Malaysia,14,South East Asia,3,Asia,0,4.15769884753448
2302,3351,Golden Sand Beach - Kota Kinabalu District,"Main Street, Kota Kinabalu District, Malaysia",Beach,,Beach,Beach,Kota Kinabalu District,103,Malaysia,14,South East Asia,3,Asia,0,4.15769884753448
2303,3351,Night Market - Kota Kinabalu District,"Main Street, Kota Kinabalu District, Malaysia",Market,,Market,Market,Kota Kinabalu District,103,Malaysia,14,South East Asia,3,Asia,0,4.15769884753448
2304,3351,Wildlife Reserve - Kota Kinabalu District,"Main Street, Kota Kinabalu District, Malaysia",Park,,Park,Park,Kota Kinabalu District,103,Malaysia,14,South East Asia,3,Asia,0,4.15769884753448
2305,3351,Cultural Heritage Center - Kota Kinabalu District,"Main Street, Kota Kinabalu District, Malaysia",Museum,,Museum,Museum,Kota Kinabalu District,103,Malaysia,14,South East Asia,3,Asia,0,4.15769884753448
2306,3428,Ancient Temple - Yangon,"Main Street, Yangon, Myanmar",Temple,,Temple,Religious,Yangon,104,Myanmar,14,South East Asia,3,Asia,0,4.15769884753448
2307,3428,Paradise Beach - Yangon,"Main Street, Yangon, Myanmar",Beach,,Beach,Beach,Yangon,104,Myanmar,14,South East Asia,3,Asia,0,4.15769884753448
2308,3428,Flea Market - Yangon,"Main Street, Yangon, Myanmar",Market,,Market,Market,Yangon,104,Myanmar,14,South East Asia,3,Asia,0,4.15769884753448
2309,3428,Ancient Temple - Yangon,"Main Street, Yangon, Myanmar",Temple,,Temple,Religious,Yangon,104,Myanmar,14,South East Asia,3,Asia,0,4.15769884753448
2310,3430,Flea Market - Yangon Region,"Main Street, Yangon Region, Myanmar",Market,,Market,Market,Yangon Region,104,Myanmar,14,South East Asia,3,Asia,0,4.15769884753448
2311,3430,Night Market - Yangon Region,"Main Street, Yangon Region, Myanmar",Market,,Market,Market,Yangon Region,104,Myanmar,14,South East Asia,3,Asia,0,4.15769884753448
2312,3430,Botanical Garden - Yangon Region,"Main Street, Yangon Region, Myanmar",Park,,Park,Park,Yangon Region,104,Myanmar,14,South East Asia,3,Asia,0,4.15769884753448
2313,3430,Sunset Cove - Yangon Region,"Main Street, Yangon Region, Myanmar",Beach,,Beach,Beach,Yangon Region,104,Myanmar,14,South East Asia,3,Asia,0,4.15769884753448
2314,3427,Local Bazaar - Mandalay,"Main Street, Mandalay, Myanmar",Market,,Market,Market,Mandalay,104,Myanmar,14,South East Asia,3,Asia,0,4.15769884753448
2315,3427,Flea Market - Mandalay,"Main Street, Mandalay, Myanmar",Market,,Market,Market,Mandalay,104,Myanmar,14,South East Asia,3,Asia,0,4.15769884753448
2316,3427,Cathedral - Mandalay,"Main Street, Mandalay, Myanmar",Temple,,Temple,Religious,Mandalay,104,Myanmar,14,South East Asia,3,Asia,0,4.15769884753448
2317,3427,Wildlife Reserve - Mandalay,"Main Street, Mandalay, Myanmar",Park,,Park,Park,Mandalay,104,Myanmar,14,South East Asia,3,Asia,0,4.15769884753448
2318,3515,Night Market - Siargao Island,"Main Street, Siargao Island, Philippines",Market,,Market,Market,Siargao Island,105,Philippines,14,South East Asia,3,Asia,0,4.15769884753448
2319,3515,Wildlife Reserve - Siargao Island,"Main Street, Siargao Island, Philippines",Park,,Park,Park,Siargao Island,105,Philippines,14,South East Asia,3,Asia,0,4.15769884753448
2320,3515,Cultural Heritage Center - Siargao Island,"Main Street, Siargao Island, Philippines",Museum,,Museum,Museum,Siargao Island,105,Philippines,14,South East Asia,3,Asia,0,4.15769884753448
2321,3515,Grand Mosque - Siargao Island,"Main Street, Siargao Island, Philippines",Temple,,Temple,Religious,Siargao Island,105,Philippines,14,South East Asia,3,Asia,0,4.15769884753448
2322,3486,Grand Mosque - Moalboal,"Main Street, Moalboal, Philippines",Temple,,Temple,Religious,Moalboal,105,Philippines,14,South East Asia,3,Asia,0,4.15769884753448
2323,3486,Cathedral - Moalboal,"Main Street, Moalboal, Philippines",Temple,,Temple,Religious,Moalboal,105,Philippines,14,South East Asia,3,Asia,0,4.15769884753448
2324,3486,Botanical Garden - Moalboal,"Main Street, Moalboal, Philippines",Park,,Park,Park,Moalboal,105,Philippines,14,South East Asia,3,Asia,0,4.15769884753448
2325,3486,Science Museum - Moalboal,"Main Street, Moalboal, Philippines",Museum,,Museum,Museum,Moalboal,105,Philippines,14,South East Asia,3,Asia,0,4.15769884753448
2326,3497,Grand Mosque - Panglao,"Main Street, Panglao, Philippines",Temple,,Temple,Religious,Panglao,105,Philippines,14,South East Asia,3,Asia,0,4.15769884753448
2327,3497,Science Museum - Panglao,"Main Street, Panglao, Philippines",Museum,,Museum,Museum,Panglao,105,Philippines,14,South East Asia,3,Asia,0,4.15769884753448
2328,3497,Paradise Beach - Panglao,"Main Street, Panglao, Philippines",Beach,,Beach,Beach,Panglao,105,Philippines,14,South East Asia,3,Asia,0,4.15769884753448
2329,3497,Botanical Garden - Panglao,"Main Street, Panglao, Philippines",Park,,Park,Park,Panglao,105,Philippines,14,South East Asia,3,Asia,0,4.15769884753448
2330,3540,Ancient Temple - just back in Singapore,"Main Street, just back in Singapore, Singapore",Temple,,Temple,Religious,just back in Singapore,106,Singapore,14,South East Asia,3,Asia,0,4.15769884753448
2331,3540,Golden Sand Beach - just back in Singapore,"Main Street, just back in Singapore, Singapore",Beach,,Beach,Beach,just back in Singapore,106,Singapore,14,South East Asia,3,Asia,0,4.15769884753448
2332,3540,Local Bazaar - just back in Singapore,"Main Street, just back in Singapore, Singapore",Market,,Market,Market,just back in Singapore,106,Singapore,14,South East Asia,3,Asia,0,4.15769884753448
2333,3540,Sacred Shrine - just back in Singapore,"Main Street, just back in Singapore, Singapore",Temple,,Temple,Religious,just back in Singapore,106,Singapore,14,South East Asia,3,Asia,0,4.15769884753448
2334,3545,Flea Market - Pasir Ris,"Main Street, Pasir Ris, Singapore",Market,,Market,Market,Pasir Ris,106,Singapore,14,South East Asia,3,Asia,0,4.15769884753448
2335,3545,Wildlife Reserve - Pasir Ris,"Main Street, Pasir Ris, Singapore",Park,,Park,Park,Pasir Ris,106,Singapore,14,South East Asia,3,Asia,0,4.15769884753448
2336,3545,Art Gallery - Pasir Ris,"Main Street, Pasir Ris, Singapore",Museum,,Museum,Museum,Pasir Ris,106,Singapore,14,South East Asia,3,Asia,0,4.15769884753448
2337,3545,Eco Park - Pasir Ris,"Main Street, Pasir Ris, Singapore",Park,,Park,Park,Pasir Ris,106,Singapore,14,South East Asia,3,Asia,0,4.15769884753448
2338,3541,Cathedral - Lion City,"Main Street, Lion City, Singapore",Temple,,Temple,Religious,Lion City,106,Singapore,14,South East Asia,3,Asia,0,4.15769884753448
2339,3541,Farmers' Market - Lion City,"Main Street, Lion City, Singapore",Market,,Market,Market,Lion City,106,Singapore,14,South East Asia,3,Asia,0,4.15769884753448
2340,3541,Eco Park - Lion City,"Main Street, Lion City, Singapore",Park,,Park,Park,Lion City,106,Singapore,14,South East Asia,3,Asia,0,4.15769884753448
2341,3541,Art Gallery - Lion City,"Main Street, Lion City, Singapore",Museum,,Museum,Museum,Lion City,106,Singapore,14,South East Asia,3,Asia,0,4.15769884753448
2342,3599,Local Bazaar - Ko Lanta,"Main Street, Ko Lanta, Thailand",Market,,Market,Market,Ko Lanta,107,Thailand,14,South East Asia,3,Asia,0,4.15769884753448
2343,3599,Golden Sand Beach - Ko Lanta,"Main Street, Ko Lanta, Thailand",Beach,,Beach,Beach,Ko Lanta,107,Thailand,14,South East Asia,3,Asia,0,4.15769884753448
2344,3599,Sunset Cove - Ko Lanta,"Main Street, Ko Lanta, Thailand",Beach,,Beach,Beach,Ko Lanta,107,Thailand,14,South East Asia,3,Asia,0,4.15769884753448
2345,3599,Local Bazaar - Ko Lanta,"Main Street, Ko Lanta, Thailand",Market,,Market,Market,Ko Lanta,107,Thailand,14,South East Asia,3,Asia,0,4.15769884753448
2346,3581,Art Gallery - Chonburi,"Main Street, Chonburi, Thailand",Museum,,Museum,Museum,Chonburi,107,Thailand,14,South East Asia,3,Asia,0,4.15769884753448
2347,3581,Wildlife Reserve - Chonburi,"Main Street, Chonburi, Thailand",Park,,Park,Park,Chonburi,107,Thailand,14,South East Asia,3,Asia,0,4.15769884753448
2348,3581,Golden Sand Beach - Chonburi,"Main Street, Chonburi, Thailand",Beach,,Beach,Beach,Chonburi,107,Thailand,14,South East Asia,3,Asia,0,4.15769884753448
2349,3581,Eco Park - Chonburi,"Main Street, Chonburi, Thailand",Park,,Park,Park,Chonburi,107,Thailand,14,South East Asia,3,Asia,0,4.15769884753448
2350,3614,Cultural Heritage Center - Lop Buri,"Main Street, Lop Buri, Thailand",Museum,,Museum,Museum,Lop Buri,107,Thailand,14,South East Asia,3,Asia,0,4.15769884753448
2351,3614,Night Market - Lop Buri,"Main Street, Lop Buri, Thailand",Market,,Market,Market,Lop Buri,107,Thailand,14,South East Asia,3,Asia,0,4.15769884753448
2352,3614,Ancient Temple - Lop Buri,"Main Street, Lop Buri, Thailand",Temple,,Temple,Religious,Lop Buri,107,Thailand,14,South East Asia,3,Asia,0,4.15769884753448
2353,3614,Wildlife Reserve - Lop Buri,"Main Street, Lop Buri, Thailand",Park,,Park,Park,Lop Buri,107,Thailand,14,South East Asia,3,Asia,0,4.15769884753448
2354,3661,Cultural Heritage Center - Hai Phong,"Main Street, Hai Phong, Vietnam",Museum,,Museum,Museum,Hai Phong,108,Vietnam,14,South East Asia,3,Asia,0,4.15769884753448
2355,3661,Eco Park - Hai Phong,"Main Street, Hai Phong, Vietnam",Park,,Park,Park,Hai Phong,108,Vietnam,14,South East Asia,3,Asia,0,4.15769884753448
2356,3661,Cultural Heritage Center - Hai Phong,"Main Street, Hai Phong, Vietnam",Museum,,Museum,Museum,Hai Phong,108,Vietnam,14,South East Asia,3,Asia,0,4.15769884753448
2357,3661,Sunset Cove - Hai Phong,"Main Street, Hai Phong, Vietnam",Beach,,Beach,Beach,Hai Phong,108,Vietnam,14,South East Asia,3,Asia,0,4.15769884753448
2358,3669,Night Market - Hue,"Main Street, Hue, Vietnam",Market,,Market,Market,Hue,108,Vietnam,14,South East Asia,3,Asia,0,4.15769884753448
2359,3669,Wildlife Reserve - Hue,"Main Street, Hue, Vietnam",Park,,Park,Park,Hue,108,Vietnam,14,South East Asia,3,Asia,0,4.15769884753448
2360,3669,Sacred Shrine - Hue,"Main Street, Hue, Vietnam",Temple,,Temple,Religious,Hue,108,Vietnam,14,South East Asia,3,Asia,0,4.15769884753448
2361,3669,Wildlife Reserve - Hue,"Main Street, Hue, Vietnam",Park,,Park,Park,Hue,108,Vietnam,14,South East Asia,3,Asia,0,4.15769884753448
2362,3653,Sacred Shrine - Bac Ninh,"Main Street, Bac Ninh, Vietnam",Temple,,Temple,Religious,Bac Ninh,108,Vietnam,14,South East Asia,3,Asia,0,4.15769884753448
2363,3653,Sunset Cove - Bac Ninh,"Main Street, Bac Ninh, Vietnam",Beach,,Beach,Beach,Bac Ninh,108,Vietnam,14,South East Asia,3,Asia,0,4.15769884753448
2364,3653,Botanical Garden - Bac Ninh,"Main Street, Bac Ninh, Vietnam",Park,,Park,Park,Bac Ninh,108,Vietnam,14,South East Asia,3,Asia,0,4.15769884753448
2365,3653,Wildlife Reserve - Bac Ninh,"Main Street, Bac Ninh, Vietnam",Park,,Park,Park,Bac Ninh,108,Vietnam,14,South East Asia,3,Asia,0,4.15769884753448
2366,4503,Cathedral - Kings Beach,"Main Street, Kings Beach, Australia",Temple,,Temple,Religious,Kings Beach,109,Australia,15,Australia,4,Australia & Oceania,0,4.15769884753448
2367,4503,Ancient Temple - Kings Beach,"Main Street, Kings Beach, Australia",Temple,,Temple,Religious,Kings Beach,109,Australia,15,Australia,4,Australia & Oceania,0,4.15769884753448
2368,4503,Grand Mosque - Kings Beach,"Main Street, Kings Beach, Australia",Temple,,Temple,Religious,Kings Beach,109,Australia,15,Australia,4,Australia & Oceania,0,4.15769884753448
2369,4503,Art Gallery - Kings Beach,"Main Street, Kings Beach, Australia",Museum,,Museum,Museum,Kings Beach,109,Australia,15,Australia,4,Australia & Oceania,0,4.15769884753448
2370,5150,Farmers' Market - St Peters,"Main Street, St Peters, Australia",Market,,Market,Market,St Peters,109,Australia,15,Australia,4,Australia & Oceania,0,4.15769884753448
2371,5150,Art Gallery - St Peters,"Main Street, St Peters, Australia",Museum,,Museum,Museum,St Peters,109,Australia,15,Australia,4,Australia & Oceania,0,4.15769884753448
2372,5150,History Museum - St Peters,"Main Street, St Peters, Australia",Museum,,Museum,Museum,St Peters,109,Australia,15,Australia,4,Australia & Oceania,0,4.15769884753448
2373,5150,Eco Park - St Peters,"Main Street, St Peters, Australia",Park,,Park,Park,St Peters,109,Australia,15,Australia,4,Australia & Oceania,0,4.15769884753448
2374,3912,Science Museum - Brighton,"Main Street, Brighton, Australia",Museum,,Museum,Museum,Brighton,109,Australia,15,Australia,4,Australia & Oceania,0,4.15769884753448
2375,3912,Golden Sand Beach - Brighton,"Main Street, Brighton, Australia",Beach,,Beach,Beach,Brighton,109,Australia,15,Australia,4,Australia & Oceania,0,4.15769884753448
2376,3912,History Museum - Brighton,"Main Street, Brighton, Australia",Museum,,Museum,Museum,Brighton,109,Australia,15,Australia,4,Australia & Oceania,0,4.15769884753448
2377,3912,Sacred Shrine - Brighton,"Main Street, Brighton, Australia",Temple,,Temple,Religious,Brighton,109,Australia,15,Australia,4,Australia & Oceania,0,4.15769884753448
2378,5461,History Museum - Colo-I-Suva,"Main Street, Colo-I-Suva, Fiji",Museum,,Museum,Museum,Colo-I-Suva,110,Fiji,16,Oceania,4,Australia & Oceania,0,4.15769884753448
2379,5461,History Museum - Colo-I-Suva,"Main Street, Colo-I-Suva, Fiji",Museum,,Museum,Museum,Colo-I-Suva,110,Fiji,16,Oceania,4,Australia & Oceania,0,4.15769884753448
2380,5461,History Museum - Colo-I-Suva,"Main Street, Colo-I-Suva, Fiji",Museum,,Museum,Museum,Colo-I-Suva,110,Fiji,16,Oceania,4,Australia & Oceania,0,4.15769884753448
2381,5461,Flea Market - Colo-I-Suva,"Main Street, Colo-I-Suva, Fiji",Market,,Market,Market,Colo-I-Suva,110,Fiji,16,Oceania,4,Australia & Oceania,0,4.15769884753448
2382,5462,Paradise Beach - Denarau Island,"Main Street, Denarau Island, Fiji",Beach,,Beach,Beach,Denarau Island,110,Fiji,16,Oceania,4,Australia & Oceania,0,4.15769884753448
2383,5462,Art Gallery - Denarau Island,"Main Street, Denarau Island, Fiji",Museum,,Museum,Museum,Denarau Island,110,Fiji,16,Oceania,4,Australia & Oceania,0,4.15769884753448
2384,5462,Cathedral - Denarau Island,"Main Street, Denarau Island, Fiji",Temple,,Temple,Religious,Denarau Island,110,Fiji,16,Oceania,4,Australia & Oceania,0,4.15769884753448
2385,5462,National Park - Denarau Island,"Main Street, Denarau Island, Fiji",Park,,Park,Park,Denarau Island,110,Fiji,16,Oceania,4,Australia & Oceania,0,4.15769884753448
2386,5466,Golden Sand Beach - Viti Levu,"Main Street, Viti Levu, Fiji",Beach,,Beach,Beach,Viti Levu,110,Fiji,16,Oceania,4,Australia & Oceania,0,4.15769884753448
2387,5466,Wildlife Reserve - Viti Levu,"Main Street, Viti Levu, Fiji",Park,,Park,Park,Viti Levu,110,Fiji,16,Oceania,4,Australia & Oceania,0,4.15769884753448
2388,5466,Crystal Bay - Viti Levu,"Main Street, Viti Levu, Fiji",Beach,,Beach,Beach,Viti Levu,110,Fiji,16,Oceania,4,Australia & Oceania,0,4.15769884753448
2389,5466,Ancient Temple - Viti Levu,"Main Street, Viti Levu, Fiji",Temple,,Temple,Religious,Viti Levu,110,Fiji,16,Oceania,4,Australia & Oceania,0,4.15769884753448
2390,5468,Paradise Beach - French Polynesia,"Main Street, French Polynesia, French Polynesia",Beach,,Beach,Beach,French Polynesia,111,French Polynesia,16,Oceania,4,Australia & Oceania,0,4.15769884753448
2391,5468,Golden Sand Beach - French Polynesia,"Main Street, French Polynesia, French Polynesia",Beach,,Beach,Beach,French Polynesia,111,French Polynesia,16,Oceania,4,Australia & Oceania,0,4.15769884753448
2392,5468,Ancient Temple - French Polynesia,"Main Street, French Polynesia, French Polynesia",Temple,,Temple,Religious,French Polynesia,111,French Polynesia,16,Oceania,4,Australia & Oceania,0,4.15769884753448
2393,5468,Cultural Heritage Center - French Polynesia,"Main Street, French Polynesia, French Polynesia",Museum,,Museum,Museum,French Polynesia,111,French Polynesia,16,Oceania,4,Australia & Oceania,0,4.15769884753448
2394,5471,Flea Market - Tahiti,"Main Street, Tahiti, French Polynesia",Market,,Market,Market,Tahiti,111,French Polynesia,16,Oceania,4,Australia & Oceania,0,4.15769884753448
2395,5471,Wildlife Reserve - Tahiti,"Main Street, Tahiti, French Polynesia",Park,,Park,Park,Tahiti,111,French Polynesia,16,Oceania,4,Australia & Oceania,0,4.15769884753448
2396,5471,Cultural Heritage Center - Tahiti,"Main Street, Tahiti, French Polynesia",Museum,,Museum,Museum,Tahiti,111,French Polynesia,16,Oceania,4,Australia & Oceania,0,4.15769884753448
2397,5471,Cathedral - Tahiti,"Main Street, Tahiti, French Polynesia",Temple,,Temple,Religious,Tahiti,111,French Polynesia,16,Oceania,4,Australia & Oceania,0,4.15769884753448
2398,5469,Botanical Garden - Moorea,"Main Street, Moorea, French Polynesia",Park,,Park,Park,Moorea,111,French Polynesia,16,Oceania,4,Australia & Oceania,0,4.15769884753448
2399,5469,Crystal Bay - Moorea,"Main Street, Moorea, French Polynesia",Beach,,Beach,Beach,Moorea,111,French Polynesia,16,Oceania,4,Australia & Oceania,0,4.15769884753448
2400,5469,History Museum - Moorea,"Main Street, Moorea, French Polynesia",Museum,,Museum,Museum,Moorea,111,French Polynesia,16,Oceania,4,Australia & Oceania,0,4.15769884753448
2401,5469,Cultural Heritage Center - Moorea,"Main Street, Moorea, French Polynesia",Museum,,Museum,Museum,Moorea,111,French Polynesia,16,Oceania,4,Australia & Oceania,0,4.15769884753448
2402,5473,Crystal Bay - Guam,"Main Street, Guam, Mariana Islands",Beach,,Beach,Beach,Guam,112,Mariana Islands,16,Oceania,4,Australia & Oceania,0,4.15769884753448
2403,5473,Botanical Garden - Guam,"Main Street, Guam, Mariana Islands",Park,,Park,Park,Guam,112,Mariana Islands,16,Oceania,4,Australia & Oceania,0,4.15769884753448
2404,5473,Sacred Shrine - Guam,"Main Street, Guam, Mariana Islands",Temple,,Temple,Religious,Guam,112,Mariana Islands,16,Oceania,4,Australia & Oceania,0,4.15769884753448
2405,5473,Art Gallery - Guam,"Main Street, Guam, Mariana Islands",Museum,,Museum,Museum,Guam,112,Mariana Islands,16,Oceania,4,Australia & Oceania,0,4.15769884753448
2406,5475,Art Gallery - Tamuning,"Main Street, Tamuning, Mariana Islands",Museum,,Museum,Museum,Tamuning,112,Mariana Islands,16,Oceania,4,Australia & Oceania,0,4.15769884753448
2407,5475,Flea Market - Tamuning,"Main Street, Tamuning, Mariana Islands",Market,,Market,Market,Tamuning,112,Mariana Islands,16,Oceania,4,Australia & Oceania,0,4.15769884753448
2408,5475,Sunset Cove - Tamuning,"Main Street, Tamuning, Mariana Islands",Beach,,Beach,Beach,Tamuning,112,Mariana Islands,16,Oceania,4,Australia & Oceania,0,4.15769884753448
2409,5475,Cultural Heritage Center - Tamuning,"Main Street, Tamuning, Mariana Islands",Museum,,Museum,Museum,Tamuning,112,Mariana Islands,16,Oceania,4,Australia & Oceania,0,4.15769884753448
2410,5472,Local Bazaar - Dededo,"Main Street, Dededo, Mariana Islands",Market,,Market,Market,Dededo,112,Mariana Islands,16,Oceania,4,Australia & Oceania,0,4.15769884753448
2411,5472,Crystal Bay - Dededo,"Main Street, Dededo, Mariana Islands",Beach,,Beach,Beach,Dededo,112,Mariana Islands,16,Oceania,4,Australia & Oceania,0,4.15769884753448
2412,5472,Botanical Garden - Dededo,"Main Street, Dededo, Mariana Islands",Park,,Park,Park,Dededo,112,Mariana Islands,16,Oceania,4,Australia & Oceania,0,4.15769884753448
2413,5472,Cultural Heritage Center - Dededo,"Main Street, Dededo, Mariana Islands",Museum,,Museum,Museum,Dededo,112,Mariana Islands,16,Oceania,4,Australia & Oceania,0,4.15769884753448
2414,5477,Night Market - Kwajalein Island,"Main Street, Kwajalein Island, Marshall Islands",Market,,Market,Market,Kwajalein Island,113,Marshall Islands,16,Oceania,4,Australia & Oceania,0,4.15769884753448
2415,5477,Art Gallery - Kwajalein Island,"Main Street, Kwajalein Island, Marshall Islands",Museum,,Museum,Museum,Kwajalein Island,113,Marshall Islands,16,Oceania,4,Australia & Oceania,0,4.15769884753448
2416,5477,Sunset Cove - Kwajalein Island,"Main Street, Kwajalein Island, Marshall Islands",Beach,,Beach,Beach,Kwajalein Island,113,Marshall Islands,16,Oceania,4,Australia & Oceania,0,4.15769884753448
2417,5477,Crystal Bay - Kwajalein Island,"Main Street, Kwajalein Island, Marshall Islands",Beach,,Beach,Beach,Kwajalein Island,113,Marshall Islands,16,Oceania,4,Australia & Oceania,0,4.15769884753448
2418,5476,Science Museum - Ebeye Island,"Main Street, Ebeye Island, Marshall Islands",Museum,,Museum,Museum,Ebeye Island,113,Marshall Islands,16,Oceania,4,Australia & Oceania,0,4.15769884753448
2419,5476,Eco Park - Ebeye Island,"Main Street, Ebeye Island, Marshall Islands",Park,,Park,Park,Ebeye Island,113,Marshall Islands,16,Oceania,4,Australia & Oceania,0,4.15769884753448
2420,5476,History Museum - Ebeye Island,"Main Street, Ebeye Island, Marshall Islands",Museum,,Museum,Museum,Ebeye Island,113,Marshall Islands,16,Oceania,4,Australia & Oceania,0,4.15769884753448
2421,5476,Sacred Shrine - Ebeye Island,"Main Street, Ebeye Island, Marshall Islands",Temple,,Temple,Religious,Ebeye Island,113,Marshall Islands,16,Oceania,4,Australia & Oceania,0,4.15769884753448
2422,5479,National Park - Noumea,"Main Street, Noumea, New Caledonia",Park,,Park,Park,Noumea,114,New Caledonia,16,Oceania,4,Australia & Oceania,0,4.15769884753448
2423,5479,Eco Park - Noumea,"Main Street, Noumea, New Caledonia",Park,,Park,Park,Noumea,114,New Caledonia,16,Oceania,4,Australia & Oceania,0,4.15769884753448
2424,5479,Art Gallery - Noumea,"Main Street, Noumea, New Caledonia",Museum,,Museum,Museum,Noumea,114,New Caledonia,16,Oceania,4,Australia & Oceania,0,4.15769884753448
2425,5479,Cultural Heritage Center - Noumea,"Main Street, Noumea, New Caledonia",Museum,,Museum,Museum,Noumea,114,New Caledonia,16,Oceania,4,Australia & Oceania,0,4.15769884753448
2426,5478,Flea Market - NoumÃ©a,"Main Street, NoumÃ©a, New Caledonia",Market,,Market,Market,NoumÃ©a,114,New Caledonia,16,Oceania,4,Australia & Oceania,0,4.15769884753448
2427,5478,Wildlife Reserve - NoumÃ©a,"Main Street, NoumÃ©a, New Caledonia",Park,,Park,Park,NoumÃ©a,114,New Caledonia,16,Oceania,4,Australia & Oceania,0,4.15769884753448
2428,5478,Paradise Beach - NoumÃ©a,"Main Street, NoumÃ©a, New Caledonia",Beach,,Beach,Beach,NoumÃ©a,114,New Caledonia,16,Oceania,4,Australia & Oceania,0,4.15769884753448
2429,5478,National Park - NoumÃ©a,"Main Street, NoumÃ©a, New Caledonia",Park,,Park,Park,NoumÃ©a,114,New Caledonia,16,Oceania,4,Australia & Oceania,0,4.15769884753448
2430,5575,Night Market - North Shore,"Main Street, North Shore, New Zealand",Market,,Market,Market,North Shore,115,New Zealand,16,Oceania,4,Australia & Oceania,0,4.15769884753448
2431,5575,Eco Park - North Shore,"Main Street, North Shore, New Zealand",Park,,Park,Park,North Shore,115,New Zealand,16,Oceania,4,Australia & Oceania,0,4.15769884753448
2432,5575,Sunset Cove - North Shore,"Main Street, North Shore, New Zealand",Beach,,Beach,Beach,North Shore,115,New Zealand,16,Oceania,4,Australia & Oceania,0,4.15769884753448
2433,5575,Cathedral - North Shore,"Main Street, North Shore, New Zealand",Temple,,Temple,Religious,North Shore,115,New Zealand,16,Oceania,4,Australia & Oceania,0,4.15769884753448
2434,5495,Night Market - Bay of Plenty Region,"Main Street, Bay of Plenty Region, New Zealand",Market,,Market,Market,Bay of Plenty Region,115,New Zealand,16,Oceania,4,Australia & Oceania,0,4.15769884753448
2435,5495,History Museum - Bay of Plenty Region,"Main Street, Bay of Plenty Region, New Zealand",Museum,,Museum,Museum,Bay of Plenty Region,115,New Zealand,16,Oceania,4,Australia & Oceania,0,4.15769884753448
2436,5495,Farmers' Market - Bay of Plenty Region,"Main Street, Bay of Plenty Region, New Zealand",Market,,Market,Market,Bay of Plenty Region,115,New Zealand,16,Oceania,4,Australia & Oceania,0,4.15769884753448
2437,5495,History Museum - Bay of Plenty Region,"Main Street, Bay of Plenty Region, New Zealand",Museum,,Museum,Museum,Bay of Plenty Region,115,New Zealand,16,Oceania,4,Australia & Oceania,0,4.15769884753448
2438,5510,Science Museum - Devonport,"Main Street, Devonport, New Zealand",Museum,,Museum,Museum,Devonport,115,New Zealand,16,Oceania,4,Australia & Oceania,0,4.15769884753448
2439,5510,Cultural Heritage Center - Devonport,"Main Street, Devonport, New Zealand",Museum,,Museum,Museum,Devonport,115,New Zealand,16,Oceania,4,Australia & Oceania,0,4.15769884753448
2440,5510,Night Market - Devonport,"Main Street, Devonport, New Zealand",Market,,Market,Market,Devonport,115,New Zealand,16,Oceania,4,Australia & Oceania,0,4.15769884753448
2441,5510,Crystal Bay - Devonport,"Main Street, Devonport, New Zealand",Beach,,Beach,Beach,Devonport,115,New Zealand,16,Oceania,4,Australia & Oceania,0,4.15769884753448
2442,5680,Sunset Cove - Lae,"Main Street, Lae, Papua New Guinea",Beach,,Beach,Beach,Lae,116,Papua New Guinea,16,Oceania,4,Australia & Oceania,0,4.15769884753448
2443,5680,History Museum - Lae,"Main Street, Lae, Papua New Guinea",Museum,,Museum,Museum,Lae,116,Papua New Guinea,16,Oceania,4,Australia & Oceania,0,4.15769884753448
2444,5680,Crystal Bay - Lae,"Main Street, Lae, Papua New Guinea",Beach,,Beach,Beach,Lae,116,Papua New Guinea,16,Oceania,4,Australia & Oceania,0,4.15769884753448
2445,5680,History Museum - Lae,"Main Street, Lae, Papua New Guinea",Museum,,Museum,Museum,Lae,116,Papua New Guinea,16,Oceania,4,Australia & Oceania,0,4.15769884753448
2446,5681,Sacred Shrine - Port Moresby,"Main Street, Port Moresby, Papua New Guinea",Temple,,Temple,Religious,Port Moresby,116,Papua New Guinea,16,Oceania,4,Australia & Oceania,0,4.15769884753448
2447,5681,Science Museum - Port Moresby,"Main Street, Port Moresby, Papua New Guinea",Museum,,Museum,Museum,Port Moresby,116,Papua New Guinea,16,Oceania,4,Australia & Oceania,0,4.15769884753448
2448,5681,Science Museum - Port Moresby,"Main Street, Port Moresby, Papua New Guinea",Museum,,Museum,Museum,Port Moresby,116,Papua New Guinea,16,Oceania,4,Australia & Oceania,0,4.15769884753448
2449,5681,Botanical Garden - Port Moresby,"Main Street, Port Moresby, Papua New Guinea",Park,,Park,Park,Port Moresby,116,Papua New Guinea,16,Oceania,4,Australia & Oceania,0,4.15769884753448
2450,5682,Golden Sand Beach - Rabaul,"Main Street, Rabaul, Papua New Guinea",Beach,,Beach,Beach,Rabaul,116,Papua New Guinea,16,Oceania,4,Australia & Oceania,0,4.15769884753448
2451,5682,History Museum - Rabaul,"Main Street, Rabaul, Papua New Guinea",Museum,,Museum,Museum,Rabaul,116,Papua New Guinea,16,Oceania,4,Australia & Oceania,0,4.15769884753448
2452,5682,Farmers' Market - Rabaul,"Main Street, Rabaul, Papua New Guinea",Market,,Market,Market,Rabaul,116,Papua New Guinea,16,Oceania,4,Australia & Oceania,0,4.15769884753448
2453,5682,Wildlife Reserve - Rabaul,"Main Street, Rabaul, Papua New Guinea",Park,,Park,Park,Rabaul,116,Papua New Guinea,16,Oceania,4,Australia & Oceania,0,4.15769884753448
2454,5683,Local Bazaar - Solomon Islands,"Main Street, Solomon Islands, Solomon Islands",Market,,Market,Market,Solomon Islands,117,Solomon Islands,16,Oceania,4,Australia & Oceania,0,4.15769884753448
2455,5683,Eco Park - Solomon Islands,"Main Street, Solomon Islands, Solomon Islands",Park,,Park,Park,Solomon Islands,117,Solomon Islands,16,Oceania,4,Australia & Oceania,0,4.15769884753448
2456,5683,Golden Sand Beach - Solomon Islands,"Main Street, Solomon Islands, Solomon Islands",Beach,,Beach,Beach,Solomon Islands,117,Solomon Islands,16,Oceania,4,Australia & Oceania,0,4.15769884753448
2457,5683,Cultural Heritage Center - Solomon Islands,"Main Street, Solomon Islands, Solomon Islands",Museum,,Museum,Museum,Solomon Islands,117,Solomon Islands,16,Oceania,4,Australia & Oceania,0,4.15769884753448
2458,5684,Sunset Cove - Vava'u Islands,"Main Street, Vava'u Islands, Tonga",Beach,,Beach,Beach,Vava'u Islands,118,Tonga,16,Oceania,4,Australia & Oceania,0,4.15769884753448
2459,5684,Grand Mosque - Vava'u Islands,"Main Street, Vava'u Islands, Tonga",Temple,,Temple,Religious,Vava'u Islands,118,Tonga,16,Oceania,4,Australia & Oceania,0,4.15769884753448
2460,5684,Farmers' Market - Vava'u Islands,"Main Street, Vava'u Islands, Tonga",Market,,Market,Market,Vava'u Islands,118,Tonga,16,Oceania,4,Australia & Oceania,0,4.15769884753448
2461,5684,Cultural Heritage Center - Vava'u Islands,"Main Street, Vava'u Islands, Tonga",Museum,,Museum,Museum,Vava'u Islands,118,Tonga,16,Oceania,4,Australia & Oceania,0,4.15769884753448
2462,5686,Sacred Shrine - South Pacific,"Main Street, South Pacific, Vanuatu",Temple,,Temple,Religious,South Pacific,119,Vanuatu,16,Oceania,4,Australia & Oceania,0,4.15769884753448
2463,5686,Cultural Heritage Center - South Pacific,"Main Street, South Pacific, Vanuatu",Museum,,Museum,Museum,South Pacific,119,Vanuatu,16,Oceania,4,Australia & Oceania,0,4.15769884753448
2464,5686,Wildlife Reserve - South Pacific,"Main Street, South Pacific, Vanuatu",Park,,Park,Park,South Pacific,119,Vanuatu,16,Oceania,4,Australia & Oceania,0,4.15769884753448
2465,5686,Cathedral - South Pacific,"Main Street, South Pacific, Vanuatu",Temple,,Temple,Religious,South Pacific,119,Vanuatu,16,Oceania,4,Australia & Oceania,0,4.15769884753448
2466,5685,Local Bazaar - Port Vila,"Main Street, Port Vila, Vanuatu",Market,,Market,Market,Port Vila,119,Vanuatu,16,Oceania,4,Australia & Oceania,0,4.15769884753448
2467,5685,Art Gallery - Port Vila,"Main Street, Port Vila, Vanuatu",Museum,,Museum,Museum,Port Vila,119,Vanuatu,16,Oceania,4,Australia & Oceania,0,4.15769884753448
2468,5685,Golden Sand Beach - Port Vila,"Main Street, Port Vila, Vanuatu",Beach,,Beach,Beach,Port Vila,119,Vanuatu,16,Oceania,4,Australia & Oceania,0,4.15769884753448
2469,5685,Golden Sand Beach - Port Vila,"Main Street, Port Vila, Vanuatu",Beach,,Beach,Beach,Port Vila,119,Vanuatu,16,Oceania,4,Australia & Oceania,0,4.15769884753448
2470,5688,Paradise Beach - Europe,"Main Street, Europe, Europe",Beach,,Beach,Beach,Europe,120,Europe,0,Unknown,0,Unknown,0,4.15769884753448
2471,5688,Botanical Garden - Europe,"Main Street, Europe, Europe",Park,,Park,Park,Europe,120,Europe,0,Unknown,0,Unknown,0,4.15769884753448
2472,5688,Local Bazaar - Europe,"Main Street, Europe, Europe",Market,,Market,Market,Europe,120,Europe,0,Unknown,0,Unknown,0,4.15769884753448
2473,5688,National Park - Europe,"Main Street, Europe, Europe",Park,,Park,Park,Europe,120,Europe,0,Unknown,0,Unknown,0,4.15769884753448
2474,5687,Night Market - EU,"Main Street, EU, Europe",Market,,Market,Market,EU,120,Europe,0,Unknown,0,Unknown,0,4.15769884753448
2475,5687,Sacred Shrine - EU,"Main Street, EU, Europe",Temple,,Temple,Religious,EU,120,Europe,0,Unknown,0,Unknown,0,4.15769884753448
2476,5687,Botanical Garden - EU,"Main Street, EU, Europe",Park,,Park,Park,EU,120,Europe,0,Unknown,0,Unknown,0,4.15769884753448
2477,5687,Paradise Beach - EU,"Main Street, EU, Europe",Beach,,Beach,Beach,EU,120,Europe,0,Unknown,0,Unknown,0,4.15769884753448
2478,5722,Golden Sand Beach - Vorchdorf,"Main Street, Vorchdorf, Austria",Beach,,Beach,Beach,Vorchdorf,121,Austria,17,Central Europe,5,Europe,0,4.15769884753448
2479,5722,Sunset Cove - Vorchdorf,"Main Street, Vorchdorf, Austria",Beach,,Beach,Beach,Vorchdorf,121,Austria,17,Central Europe,5,Europe,0,4.15769884753448
2480,5722,Eco Park - Vorchdorf,"Main Street, Vorchdorf, Austria",Park,,Park,Park,Vorchdorf,121,Austria,17,Central Europe,5,Europe,0,4.15769884753448
2481,5722,Night Market - Vorchdorf,"Main Street, Vorchdorf, Austria",Market,,Market,Market,Vorchdorf,121,Austria,17,Central Europe,5,Europe,0,4.15769884753448
2482,5725,Eco Park - Wien,"Main Street, Wien, Austria",Park,,Park,Park,Wien,121,Austria,17,Central Europe,5,Europe,0,4.15769884753448
2483,5725,Golden Sand Beach - Wien,"Main Street, Wien, Austria",Beach,,Beach,Beach,Wien,121,Austria,17,Central Europe,5,Europe,0,4.15769884753448
2484,5725,Farmers' Market - Wien,"Main Street, Wien, Austria",Market,,Market,Market,Wien,121,Austria,17,Central Europe,5,Europe,0,4.15769884753448
2485,5725,Farmers' Market - Wien,"Main Street, Wien, Austria",Market,,Market,Market,Wien,121,Austria,17,Central Europe,5,Europe,0,4.15769884753448
2486,5693,Local Bazaar - Bali&Austria,"Main Street, Bali&Austria, Austria",Market,,Market,Market,Bali&Austria,121,Austria,17,Central Europe,5,Europe,0,4.15769884753448
2487,5693,Sacred Shrine - Bali&Austria,"Main Street, Bali&Austria, Austria",Temple,,Temple,Religious,Bali&Austria,121,Austria,17,Central Europe,5,Europe,0,4.15769884753448
2488,5693,Science Museum - Bali&Austria,"Main Street, Bali&Austria, Austria",Museum,,Museum,Museum,Bali&Austria,121,Austria,17,Central Europe,5,Europe,0,4.15769884753448
2489,5693,Golden Sand Beach - Bali&Austria,"Main Street, Bali&Austria, Austria",Beach,,Beach,Beach,Bali&Austria,121,Austria,17,Central Europe,5,Europe,0,4.15769884753448
2490,5735,Grand Mosque - Mlini,"Main Street, Mlini, Croatia",Temple,,Temple,Religious,Mlini,122,Croatia,17,Central Europe,5,Europe,0,4.15769884753448
2491,5735,History Museum - Mlini,"Main Street, Mlini, Croatia",Museum,,Museum,Museum,Mlini,122,Croatia,17,Central Europe,5,Europe,0,4.15769884753448
2492,5735,Night Market - Mlini,"Main Street, Mlini, Croatia",Market,,Market,Market,Mlini,122,Croatia,17,Central Europe,5,Europe,0,4.15769884753448
2493,5735,Golden Sand Beach - Mlini,"Main Street, Mlini, Croatia",Beach,,Beach,Beach,Mlini,122,Croatia,17,Central Europe,5,Europe,0,4.15769884753448
2494,5743,National Park - Trogir,"Main Street, Trogir, Croatia",Park,,Park,Park,Trogir,122,Croatia,17,Central Europe,5,Europe,0,4.15769884753448
2495,5743,Sunset Cove - Trogir,"Main Street, Trogir, Croatia",Beach,,Beach,Beach,Trogir,122,Croatia,17,Central Europe,5,Europe,0,4.15769884753448
2496,5743,Art Gallery - Trogir,"Main Street, Trogir, Croatia",Museum,,Museum,Museum,Trogir,122,Croatia,17,Central Europe,5,Europe,0,4.15769884753448
2497,5743,Science Museum - Trogir,"Main Street, Trogir, Croatia",Museum,,Museum,Museum,Trogir,122,Croatia,17,Central Europe,5,Europe,0,4.15769884753448
2498,5727,Flea Market - Baska,"Main Street, Baska, Croatia",Market,,Market,Market,Baska,122,Croatia,17,Central Europe,5,Europe,0,4.15769884753448
2499,5727,Crystal Bay - Baska,"Main Street, Baska, Croatia",Beach,,Beach,Beach,Baska,122,Croatia,17,Central Europe,5,Europe,0,4.15769884753448
2500,5727,Art Gallery - Baska,"Main Street, Baska, Croatia",Museum,,Museum,Museum,Baska,122,Croatia,17,Central Europe,5,Europe,0,4.15769884753448
2501,5727,Farmers' Market - Baska,"Main Street, Baska, Croatia",Market,,Market,Market,Baska,122,Croatia,17,Central Europe,5,Europe,0,4.15769884753448
2502,5788,Sunset Cove - South Moravian Region,"Main Street, South Moravian Region, Czech Republic",Beach,,Beach,Beach,South Moravian Region,123,Czech Republic,17,Central Europe,5,Europe,0,4.15769884753448
2503,5788,Ancient Temple - South Moravian Region,"Main Street, South Moravian Region, Czech Republic",Temple,,Temple,Religious,South Moravian Region,123,Czech Republic,17,Central Europe,5,Europe,0,4.15769884753448
2504,5788,Sunset Cove - South Moravian Region,"Main Street, South Moravian Region, Czech Republic",Beach,,Beach,Beach,South Moravian Region,123,Czech Republic,17,Central Europe,5,Europe,0,4.15769884753448
2505,5788,Night Market - South Moravian Region,"Main Street, South Moravian Region, Czech Republic",Market,,Market,Market,South Moravian Region,123,Czech Republic,17,Central Europe,5,Europe,0,4.15769884753448
2506,5775,Sacred Shrine - Lovosice,"Main Street, Lovosice, Czech Republic",Temple,,Temple,Religious,Lovosice,123,Czech Republic,17,Central Europe,5,Europe,0,4.15769884753448
2507,5775,Golden Sand Beach - Lovosice,"Main Street, Lovosice, Czech Republic",Beach,,Beach,Beach,Lovosice,123,Czech Republic,17,Central Europe,5,Europe,0,4.15769884753448
2508,5775,Botanical Garden - Lovosice,"Main Street, Lovosice, Czech Republic",Park,,Park,Park,Lovosice,123,Czech Republic,17,Central Europe,5,Europe,0,4.15769884753448
2509,5775,Flea Market - Lovosice,"Main Street, Lovosice, Czech Republic",Market,,Market,Market,Lovosice,123,Czech Republic,17,Central Europe,5,Europe,0,4.15769884753448
2510,5776,Art Gallery - Marianske Lazne,"Main Street, Marianske Lazne, Czech Republic",Museum,,Museum,Museum,Marianske Lazne,123,Czech Republic,17,Central Europe,5,Europe,0,4.15769884753448
2511,5776,History Museum - Marianske Lazne,"Main Street, Marianske Lazne, Czech Republic",Museum,,Museum,Museum,Marianske Lazne,123,Czech Republic,17,Central Europe,5,Europe,0,4.15769884753448
2512,5776,Ancient Temple - Marianske Lazne,"Main Street, Marianske Lazne, Czech Republic",Temple,,Temple,Religious,Marianske Lazne,123,Czech Republic,17,Central Europe,5,Europe,0,4.15769884753448
2513,5776,Sunset Cove - Marianske Lazne,"Main Street, Marianske Lazne, Czech Republic",Beach,,Beach,Beach,Marianske Lazne,123,Czech Republic,17,Central Europe,5,Europe,0,4.15769884753448
2514,5804,Night Market - Viimsi,"Main Street, Viimsi, Estonia",Market,,Market,Market,Viimsi,124,Estonia,17,Central Europe,5,Europe,0,4.15769884753448
2515,5804,Ancient Temple - Viimsi,"Main Street, Viimsi, Estonia",Temple,,Temple,Religious,Viimsi,124,Estonia,17,Central Europe,5,Europe,0,4.15769884753448
2516,5804,Golden Sand Beach - Viimsi,"Main Street, Viimsi, Estonia",Beach,,Beach,Beach,Viimsi,124,Estonia,17,Central Europe,5,Europe,0,4.15769884753448
2517,5804,Eco Park - Viimsi,"Main Street, Viimsi, Estonia",Park,,Park,Park,Viimsi,124,Estonia,17,Central Europe,5,Europe,0,4.15769884753448
2518,5803,Art Gallery - Tartu,"Main Street, Tartu, Estonia",Museum,,Museum,Museum,Tartu,124,Estonia,17,Central Europe,5,Europe,0,4.15769884753448
2519,5803,Eco Park - Tartu,"Main Street, Tartu, Estonia",Park,,Park,Park,Tartu,124,Estonia,17,Central Europe,5,Europe,0,4.15769884753448
2520,5803,History Museum - Tartu,"Main Street, Tartu, Estonia",Museum,,Museum,Museum,Tartu,124,Estonia,17,Central Europe,5,Europe,0,4.15769884753448
2521,5803,Ancient Temple - Tartu,"Main Street, Tartu, Estonia",Temple,,Temple,Religious,Tartu,124,Estonia,17,Central Europe,5,Europe,0,4.15769884753448
2522,5794,Local Bazaar - estonia,"Main Street, estonia, Estonia",Market,,Market,Market,estonia,124,Estonia,17,Central Europe,5,Europe,0,4.15769884753448
2523,5794,Ancient Temple - estonia,"Main Street, estonia, Estonia",Temple,,Temple,Religious,estonia,124,Estonia,17,Central Europe,5,Europe,0,4.15769884753448
2524,5794,Sacred Shrine - estonia,"Main Street, estonia, Estonia",Temple,,Temple,Religious,estonia,124,Estonia,17,Central Europe,5,Europe,0,4.15769884753448
2525,5794,Ancient Temple - estonia,"Main Street, estonia, Estonia",Temple,,Temple,Religious,estonia,124,Estonia,17,Central Europe,5,Europe,0,4.15769884753448
2526,6024,Grand Mosque - Wasserburg am Inn,"Main Street, Wasserburg am Inn, Germany",Temple,,Temple,Religious,Wasserburg am Inn,125,Germany,17,Central Europe,5,Europe,0,4.15769884753448
2527,6024,Farmers' Market - Wasserburg am Inn,"Main Street, Wasserburg am Inn, Germany",Market,,Market,Market,Wasserburg am Inn,125,Germany,17,Central Europe,5,Europe,0,4.15769884753448
2528,6024,Grand Mosque - Wasserburg am Inn,"Main Street, Wasserburg am Inn, Germany",Temple,,Temple,Religious,Wasserburg am Inn,125,Germany,17,Central Europe,5,Europe,0,4.15769884753448
2529,6024,Cultural Heritage Center - Wasserburg am Inn,"Main Street, Wasserburg am Inn, Germany",Museum,,Museum,Museum,Wasserburg am Inn,125,Germany,17,Central Europe,5,Europe,0,4.15769884753448
2530,5872,Art Gallery - Giessen,"Main Street, Giessen, Germany",Museum,,Museum,Museum,Giessen,125,Germany,17,Central Europe,5,Europe,0,4.15769884753448
2531,5872,Golden Sand Beach - Giessen,"Main Street, Giessen, Germany",Beach,,Beach,Beach,Giessen,125,Germany,17,Central Europe,5,Europe,0,4.15769884753448
2532,5872,Art Gallery - Giessen,"Main Street, Giessen, Germany",Museum,,Museum,Museum,Giessen,125,Germany,17,Central Europe,5,Europe,0,4.15769884753448
2533,5872,Eco Park - Giessen,"Main Street, Giessen, Germany",Park,,Park,Park,Giessen,125,Germany,17,Central Europe,5,Europe,0,4.15769884753448
2534,5815,Cultural Heritage Center - Bad Neuenahr-Ahrweiler,"Main Street, Bad Neuenahr-Ahrweiler, Germany",Museum,,Museum,Museum,Bad Neuenahr-Ahrweiler,125,Germany,17,Central Europe,5,Europe,0,4.15769884753448
2535,5815,Grand Mosque - Bad Neuenahr-Ahrweiler,"Main Street, Bad Neuenahr-Ahrweiler, Germany",Temple,,Temple,Religious,Bad Neuenahr-Ahrweiler,125,Germany,17,Central Europe,5,Europe,0,4.15769884753448
2536,5815,Botanical Garden - Bad Neuenahr-Ahrweiler,"Main Street, Bad Neuenahr-Ahrweiler, Germany",Park,,Park,Park,Bad Neuenahr-Ahrweiler,125,Germany,17,Central Europe,5,Europe,0,4.15769884753448
2537,5815,Art Gallery - Bad Neuenahr-Ahrweiler,"Main Street, Bad Neuenahr-Ahrweiler, Germany",Museum,,Museum,Museum,Bad Neuenahr-Ahrweiler,125,Germany,17,Central Europe,5,Europe,0,4.15769884753448
2538,6037,Paradise Beach - Balatonfured,"Main Street, Balatonfured, Hungary",Beach,,Beach,Beach,Balatonfured,126,Hungary,17,Central Europe,5,Europe,0,4.15769884753448
2539,6037,Night Market - Balatonfured,"Main Street, Balatonfured, Hungary",Market,,Market,Market,Balatonfured,126,Hungary,17,Central Europe,5,Europe,0,4.15769884753448
2540,6037,Eco Park - Balatonfured,"Main Street, Balatonfured, Hungary",Park,,Park,Park,Balatonfured,126,Hungary,17,Central Europe,5,Europe,0,4.15769884753448
2541,6037,Grand Mosque - Balatonfured,"Main Street, Balatonfured, Hungary",Temple,,Temple,Religious,Balatonfured,126,Hungary,17,Central Europe,5,Europe,0,4.15769884753448
2542,6050,History Museum - Sarvar,"Main Street, Sarvar, Hungary",Museum,,Museum,Museum,Sarvar,126,Hungary,17,Central Europe,5,Europe,0,4.15769884753448
2543,6050,History Museum - Sarvar,"Main Street, Sarvar, Hungary",Museum,,Museum,Museum,Sarvar,126,Hungary,17,Central Europe,5,Europe,0,4.15769884753448
2544,6050,History Museum - Sarvar,"Main Street, Sarvar, Hungary",Museum,,Museum,Museum,Sarvar,126,Hungary,17,Central Europe,5,Europe,0,4.15769884753448
2545,6050,National Park - Sarvar,"Main Street, Sarvar, Hungary",Park,,Park,Park,Sarvar,126,Hungary,17,Central Europe,5,Europe,0,4.15769884753448
2546,6045,Flea Market - Miskolc,"Main Street, Miskolc, Hungary",Market,,Market,Market,Miskolc,126,Hungary,17,Central Europe,5,Europe,0,4.15769884753448
2547,6045,Sacred Shrine - Miskolc,"Main Street, Miskolc, Hungary",Temple,,Temple,Religious,Miskolc,126,Hungary,17,Central Europe,5,Europe,0,4.15769884753448
2548,6045,Eco Park - Miskolc,"Main Street, Miskolc, Hungary",Park,,Park,Park,Miskolc,126,Hungary,17,Central Europe,5,Europe,0,4.15769884753448
2549,6045,History Museum - Miskolc,"Main Street, Miskolc, Hungary",Museum,,Museum,Museum,Miskolc,126,Hungary,17,Central Europe,5,Europe,0,4.15769884753448
2550,6059,Art Gallery - Dreilini,"Main Street, Dreilini, Latvia",Museum,,Museum,Museum,Dreilini,127,Latvia,17,Central Europe,5,Europe,0,4.15769884753448
2551,6059,Farmers' Market - Dreilini,"Main Street, Dreilini, Latvia",Market,,Market,Market,Dreilini,127,Latvia,17,Central Europe,5,Europe,0,4.15769884753448
2552,6059,Paradise Beach - Dreilini,"Main Street, Dreilini, Latvia",Beach,,Beach,Beach,Dreilini,127,Latvia,17,Central Europe,5,Europe,0,4.15769884753448
2553,6059,National Park - Dreilini,"Main Street, Dreilini, Latvia",Park,,Park,Park,Dreilini,127,Latvia,17,Central Europe,5,Europe,0,4.15769884753448
2554,6060,Golden Sand Beach - Jelgava,"Main Street, Jelgava, Latvia",Beach,,Beach,Beach,Jelgava,127,Latvia,17,Central Europe,5,Europe,0,4.15769884753448
2555,6060,Cathedral - Jelgava,"Main Street, Jelgava, Latvia",Temple,,Temple,Religious,Jelgava,127,Latvia,17,Central Europe,5,Europe,0,4.15769884753448
2556,6060,Botanical Garden - Jelgava,"Main Street, Jelgava, Latvia",Park,,Park,Park,Jelgava,127,Latvia,17,Central Europe,5,Europe,0,4.15769884753448
2557,6060,Botanical Garden - Jelgava,"Main Street, Jelgava, Latvia",Park,,Park,Park,Jelgava,127,Latvia,17,Central Europe,5,Europe,0,4.15769884753448
2558,6064,Wildlife Reserve - Ventspils,"Main Street, Ventspils, Latvia",Park,,Park,Park,Ventspils,127,Latvia,17,Central Europe,5,Europe,0,4.15769884753448
2559,6064,National Park - Ventspils,"Main Street, Ventspils, Latvia",Park,,Park,Park,Ventspils,127,Latvia,17,Central Europe,5,Europe,0,4.15769884753448
2560,6064,History Museum - Ventspils,"Main Street, Ventspils, Latvia",Museum,,Museum,Museum,Ventspils,127,Latvia,17,Central Europe,5,Europe,0,4.15769884753448
2561,6064,Wildlife Reserve - Ventspils,"Main Street, Ventspils, Latvia",Park,,Park,Park,Ventspils,127,Latvia,17,Central Europe,5,Europe,0,4.15769884753448
2562,6073,National Park - Vilnius,"Main Street, Vilnius, Lithuania",Park,,Park,Park,Vilnius,128,Lithuania,17,Central Europe,5,Europe,0,4.15769884753448
2563,6073,National Park - Vilnius,"Main Street, Vilnius, Lithuania",Park,,Park,Park,Vilnius,128,Lithuania,17,Central Europe,5,Europe,0,4.15769884753448
2564,6073,Golden Sand Beach - Vilnius,"Main Street, Vilnius, Lithuania",Beach,,Beach,Beach,Vilnius,128,Lithuania,17,Central Europe,5,Europe,0,4.15769884753448
2565,6073,Ancient Temple - Vilnius,"Main Street, Vilnius, Lithuania",Temple,,Temple,Religious,Vilnius,128,Lithuania,17,Central Europe,5,Europe,0,4.15769884753448
2566,6066,Eco Park - Gargzdai,"Main Street, Gargzdai, Lithuania",Park,,Park,Park,Gargzdai,128,Lithuania,17,Central Europe,5,Europe,0,4.15769884753448
2567,6066,Cultural Heritage Center - Gargzdai,"Main Street, Gargzdai, Lithuania",Museum,,Museum,Museum,Gargzdai,128,Lithuania,17,Central Europe,5,Europe,0,4.15769884753448
2568,6066,Farmers' Market - Gargzdai,"Main Street, Gargzdai, Lithuania",Market,,Market,Market,Gargzdai,128,Lithuania,17,Central Europe,5,Europe,0,4.15769884753448
2569,6066,Eco Park - Gargzdai,"Main Street, Gargzdai, Lithuania",Park,,Park,Park,Gargzdai,128,Lithuania,17,Central Europe,5,Europe,0,4.15769884753448
2570,6070,Night Market - Klaipeda,"Main Street, Klaipeda, Lithuania",Market,,Market,Market,Klaipeda,128,Lithuania,17,Central Europe,5,Europe,0,4.15769884753448
2571,6070,Local Bazaar - Klaipeda,"Main Street, Klaipeda, Lithuania",Market,,Market,Market,Klaipeda,128,Lithuania,17,Central Europe,5,Europe,0,4.15769884753448
2572,6070,Sacred Shrine - Klaipeda,"Main Street, Klaipeda, Lithuania",Temple,,Temple,Religious,Klaipeda,128,Lithuania,17,Central Europe,5,Europe,0,4.15769884753448
2573,6070,Cathedral - Klaipeda,"Main Street, Klaipeda, Lithuania",Temple,,Temple,Religious,Klaipeda,128,Lithuania,17,Central Europe,5,Europe,0,4.15769884753448
2574,6076,Botanical Garden - Kehlen,"Main Street, Kehlen, Luxembourg",Park,,Park,Park,Kehlen,129,Luxembourg,17,Central Europe,5,Europe,0,4.15769884753448
2575,6076,History Museum - Kehlen,"Main Street, Kehlen, Luxembourg",Museum,,Museum,Museum,Kehlen,129,Luxembourg,17,Central Europe,5,Europe,0,4.15769884753448
2576,6076,History Museum - Kehlen,"Main Street, Kehlen, Luxembourg",Museum,,Museum,Museum,Kehlen,129,Luxembourg,17,Central Europe,5,Europe,0,4.15769884753448
2577,6076,Golden Sand Beach - Kehlen,"Main Street, Kehlen, Luxembourg",Beach,,Beach,Beach,Kehlen,129,Luxembourg,17,Central Europe,5,Europe,0,4.15769884753448
2578,6080,Farmers' Market - Luxembourg District,"Main Street, Luxembourg District, Luxembourg",Market,,Market,Market,Luxembourg District,129,Luxembourg,17,Central Europe,5,Europe,0,4.15769884753448
2579,6080,Sunset Cove - Luxembourg District,"Main Street, Luxembourg District, Luxembourg",Beach,,Beach,Beach,Luxembourg District,129,Luxembourg,17,Central Europe,5,Europe,0,4.15769884753448
2580,6080,Farmers' Market - Luxembourg District,"Main Street, Luxembourg District, Luxembourg",Market,,Market,Market,Luxembourg District,129,Luxembourg,17,Central Europe,5,Europe,0,4.15769884753448
2581,6080,Local Bazaar - Luxembourg District,"Main Street, Luxembourg District, Luxembourg",Market,,Market,Market,Luxembourg District,129,Luxembourg,17,Central Europe,5,Europe,0,4.15769884753448
2582,6075,Eco Park - Kayl,"Main Street, Kayl, Luxembourg",Park,,Park,Park,Kayl,129,Luxembourg,17,Central Europe,5,Europe,0,4.15769884753448
2583,6075,Cultural Heritage Center - Kayl,"Main Street, Kayl, Luxembourg",Museum,,Museum,Museum,Kayl,129,Luxembourg,17,Central Europe,5,Europe,0,4.15769884753448
2584,6075,National Park - Kayl,"Main Street, Kayl, Luxembourg",Park,,Park,Park,Kayl,129,Luxembourg,17,Central Europe,5,Europe,0,4.15769884753448
2585,6075,Grand Mosque - Kayl,"Main Street, Kayl, Luxembourg",Temple,,Temple,Religious,Kayl,129,Luxembourg,17,Central Europe,5,Europe,0,4.15769884753448
2586,6102,Ancient Temple - Olsztyn,"Main Street, Olsztyn, Poland",Temple,,Temple,Religious,Olsztyn,130,Poland,17,Central Europe,5,Europe,0,4.15769884753448
2587,6102,Science Museum - Olsztyn,"Main Street, Olsztyn, Poland",Museum,,Museum,Museum,Olsztyn,130,Poland,17,Central Europe,5,Europe,0,4.15769884753448
2588,6102,Science Museum - Olsztyn,"Main Street, Olsztyn, Poland",Museum,,Museum,Museum,Olsztyn,130,Poland,17,Central Europe,5,Europe,0,4.15769884753448
2589,6102,Botanical Garden - Olsztyn,"Main Street, Olsztyn, Poland",Park,,Park,Park,Olsztyn,130,Poland,17,Central Europe,5,Europe,0,4.15769884753448
2590,6099,Golden Sand Beach - Lodz,"Main Street, Lodz, Poland",Beach,,Beach,Beach,Lodz,130,Poland,17,Central Europe,5,Europe,0,4.15769884753448
2591,6099,Cathedral - Lodz,"Main Street, Lodz, Poland",Temple,,Temple,Religious,Lodz,130,Poland,17,Central Europe,5,Europe,0,4.15769884753448
2592,6099,Flea Market - Lodz,"Main Street, Lodz, Poland",Market,,Market,Market,Lodz,130,Poland,17,Central Europe,5,Europe,0,4.15769884753448
2593,6099,Sacred Shrine - Lodz,"Main Street, Lodz, Poland",Temple,,Temple,Religious,Lodz,130,Poland,17,Central Europe,5,Europe,0,4.15769884753448
2594,6098,Botanical Garden - Krakow,"Main Street, Krakow, Poland",Park,,Park,Park,Krakow,130,Poland,17,Central Europe,5,Europe,0,4.15769884753448
2595,6098,Local Bazaar - Krakow,"Main Street, Krakow, Poland",Market,,Market,Market,Krakow,130,Poland,17,Central Europe,5,Europe,0,4.15769884753448
2596,6098,Local Bazaar - Krakow,"Main Street, Krakow, Poland",Market,,Market,Market,Krakow,130,Poland,17,Central Europe,5,Europe,0,4.15769884753448
2597,6098,Cathedral - Krakow,"Main Street, Krakow, Poland",Temple,,Temple,Religious,Krakow,130,Poland,17,Central Europe,5,Europe,0,4.15769884753448
2598,6154,Wildlife Reserve - Targu Mures,"Main Street, Targu Mures, Romania",Park,,Park,Park,Targu Mures,131,Romania,17,Central Europe,5,Europe,0,4.15769884753448
2599,6154,Paradise Beach - Targu Mures,"Main Street, Targu Mures, Romania",Beach,,Beach,Beach,Targu Mures,131,Romania,17,Central Europe,5,Europe,0,4.15769884753448
2600,6154,Botanical Garden - Targu Mures,"Main Street, Targu Mures, Romania",Park,,Park,Park,Targu Mures,131,Romania,17,Central Europe,5,Europe,0,4.15769884753448
2601,6154,Wildlife Reserve - Targu Mures,"Main Street, Targu Mures, Romania",Park,,Park,Park,Targu Mures,131,Romania,17,Central Europe,5,Europe,0,4.15769884753448
2602,6138,Wildlife Reserve - Ghimbav,"Main Street, Ghimbav, Romania",Park,,Park,Park,Ghimbav,131,Romania,17,Central Europe,5,Europe,0,4.15769884753448
2603,6138,Ancient Temple - Ghimbav,"Main Street, Ghimbav, Romania",Temple,,Temple,Religious,Ghimbav,131,Romania,17,Central Europe,5,Europe,0,4.15769884753448
2604,6138,National Park - Ghimbav,"Main Street, Ghimbav, Romania",Park,,Park,Park,Ghimbav,131,Romania,17,Central Europe,5,Europe,0,4.15769884753448
2605,6138,Golden Sand Beach - Ghimbav,"Main Street, Ghimbav, Romania",Beach,,Beach,Beach,Ghimbav,131,Romania,17,Central Europe,5,Europe,0,4.15769884753448
2606,6149,Night Market - Romania,"Main Street, Romania, Romania",Market,,Market,Market,Romania,131,Romania,17,Central Europe,5,Europe,0,4.15769884753448
2607,6149,Flea Market - Romania,"Main Street, Romania, Romania",Market,,Market,Market,Romania,131,Romania,17,Central Europe,5,Europe,0,4.15769884753448
2608,6149,National Park - Romania,"Main Street, Romania, Romania",Park,,Park,Park,Romania,131,Romania,17,Central Europe,5,Europe,0,4.15769884753448
2609,6149,Crystal Bay - Romania,"Main Street, Romania, Romania",Beach,,Beach,Beach,Romania,131,Romania,17,Central Europe,5,Europe,0,4.15769884753448
2610,6156,Crystal Bay - Belgrade,"Main Street, Belgrade, Serbia",Beach,,Beach,Beach,Belgrade,132,Serbia,17,Central Europe,5,Europe,0,4.15769884753448
2611,6156,Science Museum - Belgrade,"Main Street, Belgrade, Serbia",Museum,,Museum,Museum,Belgrade,132,Serbia,17,Central Europe,5,Europe,0,4.15769884753448
2612,6156,Farmers' Market - Belgrade,"Main Street, Belgrade, Serbia",Market,,Market,Market,Belgrade,132,Serbia,17,Central Europe,5,Europe,0,4.15769884753448
2613,6156,Science Museum - Belgrade,"Main Street, Belgrade, Serbia",Museum,,Museum,Museum,Belgrade,132,Serbia,17,Central Europe,5,Europe,0,4.15769884753448
2614,6157,National Park - Kragujevac,"Main Street, Kragujevac, Serbia",Park,,Park,Park,Kragujevac,132,Serbia,17,Central Europe,5,Europe,0,4.15769884753448
2615,6157,Night Market - Kragujevac,"Main Street, Kragujevac, Serbia",Market,,Market,Market,Kragujevac,132,Serbia,17,Central Europe,5,Europe,0,4.15769884753448
2616,6157,Local Bazaar - Kragujevac,"Main Street, Kragujevac, Serbia",Market,,Market,Market,Kragujevac,132,Serbia,17,Central Europe,5,Europe,0,4.15769884753448
2617,6157,Cultural Heritage Center - Kragujevac,"Main Street, Kragujevac, Serbia",Museum,,Museum,Museum,Kragujevac,132,Serbia,17,Central Europe,5,Europe,0,4.15769884753448
2618,6161,Sacred Shrine - Serbia,"Main Street, Serbia, Serbia",Temple,,Temple,Religious,Serbia,132,Serbia,17,Central Europe,5,Europe,0,4.15769884753448
2619,6161,Botanical Garden - Serbia,"Main Street, Serbia, Serbia",Park,,Park,Park,Serbia,132,Serbia,17,Central Europe,5,Europe,0,4.15769884753448
2620,6161,Golden Sand Beach - Serbia,"Main Street, Serbia, Serbia",Beach,,Beach,Beach,Serbia,132,Serbia,17,Central Europe,5,Europe,0,4.15769884753448
2621,6161,Farmers' Market - Serbia,"Main Street, Serbia, Serbia",Market,,Market,Market,Serbia,132,Serbia,17,Central Europe,5,Europe,0,4.15769884753448
2622,6163,Eco Park - Bratislava,"Main Street, Bratislava, Slovakia",Park,,Park,Park,Bratislava,133,Slovakia,17,Central Europe,5,Europe,0,4.15769884753448
2623,6163,Art Gallery - Bratislava,"Main Street, Bratislava, Slovakia",Museum,,Museum,Museum,Bratislava,133,Slovakia,17,Central Europe,5,Europe,0,4.15769884753448
2624,6163,Science Museum - Bratislava,"Main Street, Bratislava, Slovakia",Museum,,Museum,Museum,Bratislava,133,Slovakia,17,Central Europe,5,Europe,0,4.15769884753448
2625,6163,Eco Park - Bratislava,"Main Street, Bratislava, Slovakia",Park,,Park,Park,Bratislava,133,Slovakia,17,Central Europe,5,Europe,0,4.15769884753448
2626,6168,Sunset Cove - Limbach,"Main Street, Limbach, Slovakia",Beach,,Beach,Beach,Limbach,133,Slovakia,17,Central Europe,5,Europe,0,4.15769884753448
2627,6168,Local Bazaar - Limbach,"Main Street, Limbach, Slovakia",Market,,Market,Market,Limbach,133,Slovakia,17,Central Europe,5,Europe,0,4.15769884753448
2628,6168,Sunset Cove - Limbach,"Main Street, Limbach, Slovakia",Beach,,Beach,Beach,Limbach,133,Slovakia,17,Central Europe,5,Europe,0,4.15769884753448
2629,6168,Grand Mosque - Limbach,"Main Street, Limbach, Slovakia",Temple,,Temple,Religious,Limbach,133,Slovakia,17,Central Europe,5,Europe,0,4.15769884753448
2630,6174,Ancient Temple - Senec,"Main Street, Senec, Slovakia",Temple,,Temple,Religious,Senec,133,Slovakia,17,Central Europe,5,Europe,0,4.15769884753448
2631,6174,Botanical Garden - Senec,"Main Street, Senec, Slovakia",Park,,Park,Park,Senec,133,Slovakia,17,Central Europe,5,Europe,0,4.15769884753448
2632,6174,Night Market - Senec,"Main Street, Senec, Slovakia",Market,,Market,Market,Senec,133,Slovakia,17,Central Europe,5,Europe,0,4.15769884753448
2633,6174,Botanical Garden - Senec,"Main Street, Senec, Slovakia",Park,,Park,Park,Senec,133,Slovakia,17,Central Europe,5,Europe,0,4.15769884753448
2634,6197,Science Museum - Prebold,"Main Street, Prebold, Slovenia",Museum,,Museum,Museum,Prebold,134,Slovenia,17,Central Europe,5,Europe,0,4.15769884753448
2635,6197,Botanical Garden - Prebold,"Main Street, Prebold, Slovenia",Park,,Park,Park,Prebold,134,Slovenia,17,Central Europe,5,Europe,0,4.15769884753448
2636,6197,History Museum - Prebold,"Main Street, Prebold, Slovenia",Museum,,Museum,Museum,Prebold,134,Slovenia,17,Central Europe,5,Europe,0,4.15769884753448
2637,6197,Art Gallery - Prebold,"Main Street, Prebold, Slovenia",Museum,,Museum,Museum,Prebold,134,Slovenia,17,Central Europe,5,Europe,0,4.15769884753448
2638,6191,Golden Sand Beach - Logatec,"Main Street, Logatec, Slovenia",Beach,,Beach,Beach,Logatec,134,Slovenia,17,Central Europe,5,Europe,0,4.15769884753448
2639,6191,Crystal Bay - Logatec,"Main Street, Logatec, Slovenia",Beach,,Beach,Beach,Logatec,134,Slovenia,17,Central Europe,5,Europe,0,4.15769884753448
2640,6191,Golden Sand Beach - Logatec,"Main Street, Logatec, Slovenia",Beach,,Beach,Beach,Logatec,134,Slovenia,17,Central Europe,5,Europe,0,4.15769884753448
2641,6191,Art Gallery - Logatec,"Main Street, Logatec, Slovenia",Museum,,Museum,Museum,Logatec,134,Slovenia,17,Central Europe,5,Europe,0,4.15769884753448
2642,6182,Golden Sand Beach - Branik,"Main Street, Branik, Slovenia",Beach,,Beach,Beach,Branik,134,Slovenia,17,Central Europe,5,Europe,0,4.15769884753448
2643,6182,Eco Park - Branik,"Main Street, Branik, Slovenia",Park,,Park,Park,Branik,134,Slovenia,17,Central Europe,5,Europe,0,4.15769884753448
2644,6182,Flea Market - Branik,"Main Street, Branik, Slovenia",Market,,Market,Market,Branik,134,Slovenia,17,Central Europe,5,Europe,0,4.15769884753448
2645,6182,Cultural Heritage Center - Branik,"Main Street, Branik, Slovenia",Museum,,Museum,Museum,Branik,134,Slovenia,17,Central Europe,5,Europe,0,4.15769884753448
2646,6223,Golden Sand Beach - Canton of Basel,"Main Street, Canton of Basel, Switzerland",Beach,,Beach,Beach,Canton of Basel,135,Switzerland,17,Central Europe,5,Europe,0,4.15769884753448
2647,6223,Cathedral - Canton of Basel,"Main Street, Canton of Basel, Switzerland",Temple,,Temple,Religious,Canton of Basel,135,Switzerland,17,Central Europe,5,Europe,0,4.15769884753448
2648,6223,Art Gallery - Canton of Basel,"Main Street, Canton of Basel, Switzerland",Museum,,Museum,Museum,Canton of Basel,135,Switzerland,17,Central Europe,5,Europe,0,4.15769884753448
2649,6223,Flea Market - Canton of Basel,"Main Street, Canton of Basel, Switzerland",Market,,Market,Market,Canton of Basel,135,Switzerland,17,Central Europe,5,Europe,0,4.15769884753448
2650,6250,Farmers' Market - Klosters,"Main Street, Klosters, Switzerland",Market,,Market,Market,Klosters,135,Switzerland,17,Central Europe,5,Europe,0,4.15769884753448
2651,6250,Local Bazaar - Klosters,"Main Street, Klosters, Switzerland",Market,,Market,Market,Klosters,135,Switzerland,17,Central Europe,5,Europe,0,4.15769884753448
2652,6250,Cultural Heritage Center - Klosters,"Main Street, Klosters, Switzerland",Museum,,Museum,Museum,Klosters,135,Switzerland,17,Central Europe,5,Europe,0,4.15769884753448
2653,6250,Grand Mosque - Klosters,"Main Street, Klosters, Switzerland",Temple,,Temple,Religious,Klosters,135,Switzerland,17,Central Europe,5,Europe,0,4.15769884753448
2654,6252,Sunset Cove - Langenthal,"Main Street, Langenthal, Switzerland",Beach,,Beach,Beach,Langenthal,135,Switzerland,17,Central Europe,5,Europe,0,4.15769884753448
2655,6252,Paradise Beach - Langenthal,"Main Street, Langenthal, Switzerland",Beach,,Beach,Beach,Langenthal,135,Switzerland,17,Central Europe,5,Europe,0,4.15769884753448
2656,6252,Ancient Temple - Langenthal,"Main Street, Langenthal, Switzerland",Temple,,Temple,Religious,Langenthal,135,Switzerland,17,Central Europe,5,Europe,0,4.15769884753448
2657,6252,Farmers' Market - Langenthal,"Main Street, Langenthal, Switzerland",Market,,Market,Market,Langenthal,135,Switzerland,17,Central Europe,5,Europe,0,4.15769884753448
2658,6329,Flea Market - Baku,"Main Street, Baku, Azerbaijan",Market,,Market,Market,Baku,136,Azerbaijan,18,Eastern Europe,5,Europe,0,4.15769884753448
2659,6329,Art Gallery - Baku,"Main Street, Baku, Azerbaijan",Museum,,Museum,Museum,Baku,136,Azerbaijan,18,Eastern Europe,5,Europe,0,4.15769884753448
2660,6329,History Museum - Baku,"Main Street, Baku, Azerbaijan",Museum,,Museum,Museum,Baku,136,Azerbaijan,18,Eastern Europe,5,Europe,0,4.15769884753448
2661,6329,National Park - Baku,"Main Street, Baku, Azerbaijan",Park,,Park,Park,Baku,136,Azerbaijan,18,Eastern Europe,5,Europe,0,4.15769884753448
2662,6328,Botanical Garden - Azerbaijan,"Main Street, Azerbaijan, Azerbaijan",Park,,Park,Park,Azerbaijan,136,Azerbaijan,18,Eastern Europe,5,Europe,0,4.15769884753448
2663,6328,National Park - Azerbaijan,"Main Street, Azerbaijan, Azerbaijan",Park,,Park,Park,Azerbaijan,136,Azerbaijan,18,Eastern Europe,5,Europe,0,4.15769884753448
2664,6328,Sacred Shrine - Azerbaijan,"Main Street, Azerbaijan, Azerbaijan",Temple,,Temple,Religious,Azerbaijan,136,Azerbaijan,18,Eastern Europe,5,Europe,0,4.15769884753448
2665,6328,Local Bazaar - Azerbaijan,"Main Street, Azerbaijan, Azerbaijan",Market,,Market,Market,Azerbaijan,136,Azerbaijan,18,Eastern Europe,5,Europe,0,4.15769884753448
2666,6331,Flea Market - Minsk Region,"Main Street, Minsk Region, Belarus",Market,,Market,Market,Minsk Region,137,Belarus,18,Eastern Europe,5,Europe,0,4.15769884753448
2667,6331,Wildlife Reserve - Minsk Region,"Main Street, Minsk Region, Belarus",Park,,Park,Park,Minsk Region,137,Belarus,18,Eastern Europe,5,Europe,0,4.15769884753448
2668,6331,National Park - Minsk Region,"Main Street, Minsk Region, Belarus",Park,,Park,Park,Minsk Region,137,Belarus,18,Eastern Europe,5,Europe,0,4.15769884753448
2669,6331,Ancient Temple - Minsk Region,"Main Street, Minsk Region, Belarus",Temple,,Temple,Religious,Minsk Region,137,Belarus,18,Eastern Europe,5,Europe,0,4.15769884753448
2670,6330,Ancient Temple - Minsk,"Main Street, Minsk, Belarus",Temple,,Temple,Religious,Minsk,137,Belarus,18,Eastern Europe,5,Europe,0,4.15769884753448
2671,6330,Farmers' Market - Minsk,"Main Street, Minsk, Belarus",Market,,Market,Market,Minsk,137,Belarus,18,Eastern Europe,5,Europe,0,4.15769884753448
2672,6330,Eco Park - Minsk,"Main Street, Minsk, Belarus",Park,,Park,Park,Minsk,137,Belarus,18,Eastern Europe,5,Europe,0,4.15769884753448
2673,6330,Sunset Cove - Minsk,"Main Street, Minsk, Belarus",Beach,,Beach,Beach,Minsk,137,Belarus,18,Eastern Europe,5,Europe,0,4.15769884753448
2674,6341,National Park - Duluth,"Main Street, Duluth, Georgia",Park,,Park,Park,Duluth,138,Georgia,18,Eastern Europe,5,Europe,0,4.15769884753448
2675,6341,Cathedral - Duluth,"Main Street, Duluth, Georgia",Temple,,Temple,Religious,Duluth,138,Georgia,18,Eastern Europe,5,Europe,0,4.15769884753448
2676,6341,Eco Park - Duluth,"Main Street, Duluth, Georgia",Park,,Park,Park,Duluth,138,Georgia,18,Eastern Europe,5,Europe,0,4.15769884753448
2677,6341,Golden Sand Beach - Duluth,"Main Street, Duluth, Georgia",Beach,,Beach,Beach,Duluth,138,Georgia,18,Eastern Europe,5,Europe,0,4.15769884753448
2678,6357,Ancient Temple - Tbilisi,"Main Street, Tbilisi, Georgia",Temple,,Temple,Religious,Tbilisi,138,Georgia,18,Eastern Europe,5,Europe,0,4.15769884753448
2679,6357,Night Market - Tbilisi,"Main Street, Tbilisi, Georgia",Market,,Market,Market,Tbilisi,138,Georgia,18,Eastern Europe,5,Europe,0,4.15769884753448
2680,6357,Local Bazaar - Tbilisi,"Main Street, Tbilisi, Georgia",Market,,Market,Market,Tbilisi,138,Georgia,18,Eastern Europe,5,Europe,0,4.15769884753448
2681,6357,History Museum - Tbilisi,"Main Street, Tbilisi, Georgia",Museum,,Museum,Museum,Tbilisi,138,Georgia,18,Eastern Europe,5,Europe,0,4.15769884753448
2682,6340,Flea Market - Decatur,"Main Street, Decatur, Georgia",Market,,Market,Market,Decatur,138,Georgia,18,Eastern Europe,5,Europe,0,4.15769884753448
2683,6340,Local Bazaar - Decatur,"Main Street, Decatur, Georgia",Market,,Market,Market,Decatur,138,Georgia,18,Eastern Europe,5,Europe,0,4.15769884753448
2684,6340,Flea Market - Decatur,"Main Street, Decatur, Georgia",Market,,Market,Market,Decatur,138,Georgia,18,Eastern Europe,5,Europe,0,4.15769884753448
2685,6340,Cultural Heritage Center - Decatur,"Main Street, Decatur, Georgia",Museum,,Museum,Museum,Decatur,138,Georgia,18,Eastern Europe,5,Europe,0,4.15769884753448
2686,6385,Wildlife Reserve - Novosibirsk,"Main Street, Novosibirsk, Russia",Park,,Park,Park,Novosibirsk,139,Russia,18,Eastern Europe,5,Europe,0,4.15769884753448
2687,6385,Night Market - Novosibirsk,"Main Street, Novosibirsk, Russia",Market,,Market,Market,Novosibirsk,139,Russia,18,Eastern Europe,5,Europe,0,4.15769884753448
2688,6385,Cathedral - Novosibirsk,"Main Street, Novosibirsk, Russia",Temple,,Temple,Religious,Novosibirsk,139,Russia,18,Eastern Europe,5,Europe,0,4.15769884753448
2689,6385,Grand Mosque - Novosibirsk,"Main Street, Novosibirsk, Russia",Temple,,Temple,Religious,Novosibirsk,139,Russia,18,Eastern Europe,5,Europe,0,4.15769884753448
2690,6373,Science Museum - Khabarovsk,"Main Street, Khabarovsk, Russia",Museum,,Museum,Museum,Khabarovsk,139,Russia,18,Eastern Europe,5,Europe,0,4.15769884753448
2691,6373,Night Market - Khabarovsk,"Main Street, Khabarovsk, Russia",Market,,Market,Market,Khabarovsk,139,Russia,18,Eastern Europe,5,Europe,0,4.15769884753448
2692,6373,Golden Sand Beach - Khabarovsk,"Main Street, Khabarovsk, Russia",Beach,,Beach,Beach,Khabarovsk,139,Russia,18,Eastern Europe,5,Europe,0,4.15769884753448
2693,6373,Botanical Garden - Khabarovsk,"Main Street, Khabarovsk, Russia",Park,,Park,Park,Khabarovsk,139,Russia,18,Eastern Europe,5,Europe,0,4.15769884753448
2694,6368,Night Market - Goryachy Klyuch,"Main Street, Goryachy Klyuch, Russia",Market,,Market,Market,Goryachy Klyuch,139,Russia,18,Eastern Europe,5,Europe,0,4.15769884753448
2695,6368,Cultural Heritage Center - Goryachy Klyuch,"Main Street, Goryachy Klyuch, Russia",Museum,,Museum,Museum,Goryachy Klyuch,139,Russia,18,Eastern Europe,5,Europe,0,4.15769884753448
2696,6368,Cultural Heritage Center - Goryachy Klyuch,"Main Street, Goryachy Klyuch, Russia",Museum,,Museum,Museum,Goryachy Klyuch,139,Russia,18,Eastern Europe,5,Europe,0,4.15769884753448
2697,6368,Cultural Heritage Center - Goryachy Klyuch,"Main Street, Goryachy Klyuch, Russia",Museum,,Museum,Museum,Goryachy Klyuch,139,Russia,18,Eastern Europe,5,Europe,0,4.15769884753448
2698,6412,Crystal Bay - Ukraine,"Main Street, Ukraine, Ukraine",Beach,,Beach,Beach,Ukraine,140,Ukraine,18,Eastern Europe,5,Europe,0,4.15769884753448
2699,6412,Crystal Bay - Ukraine,"Main Street, Ukraine, Ukraine",Beach,,Beach,Beach,Ukraine,140,Ukraine,18,Eastern Europe,5,Europe,0,4.15769884753448
2700,6412,Paradise Beach - Ukraine,"Main Street, Ukraine, Ukraine",Beach,,Beach,Beach,Ukraine,140,Ukraine,18,Eastern Europe,5,Europe,0,4.15769884753448
2701,6412,Local Bazaar - Ukraine,"Main Street, Ukraine, Ukraine",Market,,Market,Market,Ukraine,140,Ukraine,18,Eastern Europe,5,Europe,0,4.15769884753448
2702,6411,National Park - Rivne,"Main Street, Rivne, Ukraine",Park,,Park,Park,Rivne,140,Ukraine,18,Eastern Europe,5,Europe,0,4.15769884753448
2703,6411,Art Gallery - Rivne,"Main Street, Rivne, Ukraine",Museum,,Museum,Museum,Rivne,140,Ukraine,18,Eastern Europe,5,Europe,0,4.15769884753448
2704,6411,History Museum - Rivne,"Main Street, Rivne, Ukraine",Museum,,Museum,Museum,Rivne,140,Ukraine,18,Eastern Europe,5,Europe,0,4.15769884753448
2705,6411,Sunset Cove - Rivne,"Main Street, Rivne, Ukraine",Beach,,Beach,Beach,Rivne,140,Ukraine,18,Eastern Europe,5,Europe,0,4.15769884753448
2706,6402,Cathedral - Dnipro,"Main Street, Dnipro, Ukraine",Temple,,Temple,Religious,Dnipro,140,Ukraine,18,Eastern Europe,5,Europe,0,4.15769884753448
2707,6402,Wildlife Reserve - Dnipro,"Main Street, Dnipro, Ukraine",Park,,Park,Park,Dnipro,140,Ukraine,18,Eastern Europe,5,Europe,0,4.15769884753448
2708,6402,Botanical Garden - Dnipro,"Main Street, Dnipro, Ukraine",Park,,Park,Park,Dnipro,140,Ukraine,18,Eastern Europe,5,Europe,0,4.15769884753448
2709,6402,Art Gallery - Dnipro,"Main Street, Dnipro, Ukraine",Museum,,Museum,Museum,Dnipro,140,Ukraine,18,Eastern Europe,5,Europe,0,4.15769884753448
2710,6454,Grand Mosque - Horsens,"Main Street, Horsens, Denmark",Temple,,Temple,Religious,Horsens,141,Denmark,19,Northern Europe,5,Europe,0,4.15769884753448
2711,6454,Art Gallery - Horsens,"Main Street, Horsens, Denmark",Museum,,Museum,Museum,Horsens,141,Denmark,19,Northern Europe,5,Europe,0,4.15769884753448
2712,6454,Wildlife Reserve - Horsens,"Main Street, Horsens, Denmark",Park,,Park,Park,Horsens,141,Denmark,19,Northern Europe,5,Europe,0,4.15769884753448
2713,6454,Wildlife Reserve - Horsens,"Main Street, Horsens, Denmark",Park,,Park,Park,Horsens,141,Denmark,19,Northern Europe,5,Europe,0,4.15769884753448
2714,6436,Local Bazaar - Frederikssund,"Main Street, Frederikssund, Denmark",Market,,Market,Market,Frederikssund,141,Denmark,19,Northern Europe,5,Europe,0,4.15769884753448
2715,6436,Local Bazaar - Frederikssund,"Main Street, Frederikssund, Denmark",Market,,Market,Market,Frederikssund,141,Denmark,19,Northern Europe,5,Europe,0,4.15769884753448
2716,6436,Golden Sand Beach - Frederikssund,"Main Street, Frederikssund, Denmark",Beach,,Beach,Beach,Frederikssund,141,Denmark,19,Northern Europe,5,Europe,0,4.15769884753448
2717,6436,Flea Market - Frederikssund,"Main Street, Frederikssund, Denmark",Market,,Market,Market,Frederikssund,141,Denmark,19,Northern Europe,5,Europe,0,4.15769884753448
2718,6469,Flea Market - Middelfart,"Main Street, Middelfart, Denmark",Market,,Market,Market,Middelfart,141,Denmark,19,Northern Europe,5,Europe,0,4.15769884753448
2719,6469,Wildlife Reserve - Middelfart,"Main Street, Middelfart, Denmark",Park,,Park,Park,Middelfart,141,Denmark,19,Northern Europe,5,Europe,0,4.15769884753448
2720,6469,Botanical Garden - Middelfart,"Main Street, Middelfart, Denmark",Park,,Park,Park,Middelfart,141,Denmark,19,Northern Europe,5,Europe,0,4.15769884753448
2721,6469,History Museum - Middelfart,"Main Street, Middelfart, Denmark",Museum,,Museum,Museum,Middelfart,141,Denmark,19,Northern Europe,5,Europe,0,4.15769884753448
2722,6532,Cultural Heritage Center - Nokia,"Main Street, Nokia, Finland",Museum,,Museum,Museum,Nokia,142,Finland,19,Northern Europe,5,Europe,0,4.15769884753448
2723,6532,Flea Market - Nokia,"Main Street, Nokia, Finland",Market,,Market,Market,Nokia,142,Finland,19,Northern Europe,5,Europe,0,4.15769884753448
2724,6532,National Park - Nokia,"Main Street, Nokia, Finland",Park,,Park,Park,Nokia,142,Finland,19,Northern Europe,5,Europe,0,4.15769884753448
2725,6532,Sunset Cove - Nokia,"Main Street, Nokia, Finland",Beach,,Beach,Beach,Nokia,142,Finland,19,Northern Europe,5,Europe,0,4.15769884753448
2726,6521,Art Gallery - Kuopio,"Main Street, Kuopio, Finland",Museum,,Museum,Museum,Kuopio,142,Finland,19,Northern Europe,5,Europe,0,4.15769884753448
2727,6521,Cultural Heritage Center - Kuopio,"Main Street, Kuopio, Finland",Museum,,Museum,Museum,Kuopio,142,Finland,19,Northern Europe,5,Europe,0,4.15769884753448
2728,6521,National Park - Kuopio,"Main Street, Kuopio, Finland",Park,,Park,Park,Kuopio,142,Finland,19,Northern Europe,5,Europe,0,4.15769884753448
2729,6521,Sacred Shrine - Kuopio,"Main Street, Kuopio, Finland",Temple,,Temple,Religious,Kuopio,142,Finland,19,Northern Europe,5,Europe,0,4.15769884753448
2730,6516,Farmers' Market - Juuma,"Main Street, Juuma, Finland",Market,,Market,Market,Juuma,142,Finland,19,Northern Europe,5,Europe,0,4.15769884753448
2731,6516,Cathedral - Juuma,"Main Street, Juuma, Finland",Temple,,Temple,Religious,Juuma,142,Finland,19,Northern Europe,5,Europe,0,4.15769884753448
2732,6516,Sunset Cove - Juuma,"Main Street, Juuma, Finland",Beach,,Beach,Beach,Juuma,142,Finland,19,Northern Europe,5,Europe,0,4.15769884753448
2733,6516,Wildlife Reserve - Juuma,"Main Street, Juuma, Finland",Park,,Park,Park,Juuma,142,Finland,19,Northern Europe,5,Europe,0,4.15769884753448
2734,6560,Cathedral - Seltjarnarnes,"Main Street, Seltjarnarnes, Iceland",Temple,,Temple,Religious,Seltjarnarnes,143,Iceland,19,Northern Europe,5,Europe,0,4.15769884753448
2735,6560,History Museum - Seltjarnarnes,"Main Street, Seltjarnarnes, Iceland",Museum,,Museum,Museum,Seltjarnarnes,143,Iceland,19,Northern Europe,5,Europe,0,4.15769884753448
2736,6560,Flea Market - Seltjarnarnes,"Main Street, Seltjarnarnes, Iceland",Market,,Market,Market,Seltjarnarnes,143,Iceland,19,Northern Europe,5,Europe,0,4.15769884753448
2737,6560,Golden Sand Beach - Seltjarnarnes,"Main Street, Seltjarnarnes, Iceland",Beach,,Beach,Beach,Seltjarnarnes,143,Iceland,19,Northern Europe,5,Europe,0,4.15769884753448
2738,6558,National Park - ReykjavÃ­k,"Main Street, ReykjavÃ­k, Iceland",Park,,Park,Park,ReykjavÃ­k,143,Iceland,19,Northern Europe,5,Europe,0,4.15769884753448
2739,6558,Night Market - ReykjavÃ­k,"Main Street, ReykjavÃ­k, Iceland",Market,,Market,Market,ReykjavÃ­k,143,Iceland,19,Northern Europe,5,Europe,0,4.15769884753448
2740,6558,Crystal Bay - ReykjavÃ­k,"Main Street, ReykjavÃ­k, Iceland",Beach,,Beach,Beach,ReykjavÃ­k,143,Iceland,19,Northern Europe,5,Europe,0,4.15769884753448
2741,6558,Art Gallery - ReykjavÃ­k,"Main Street, ReykjavÃ­k, Iceland",Museum,,Museum,Museum,ReykjavÃ­k,143,Iceland,19,Northern Europe,5,Europe,0,4.15769884753448
2742,6549,Science Museum - Akranes,"Main Street, Akranes, Iceland",Museum,,Museum,Museum,Akranes,143,Iceland,19,Northern Europe,5,Europe,0,4.15769884753448
2743,6549,Night Market - Akranes,"Main Street, Akranes, Iceland",Market,,Market,Market,Akranes,143,Iceland,19,Northern Europe,5,Europe,0,4.15769884753448
2744,6549,Eco Park - Akranes,"Main Street, Akranes, Iceland",Park,,Park,Park,Akranes,143,Iceland,19,Northern Europe,5,Europe,0,4.15769884753448
2745,6549,Botanical Garden - Akranes,"Main Street, Akranes, Iceland",Park,,Park,Park,Akranes,143,Iceland,19,Northern Europe,5,Europe,0,4.15769884753448
2746,6566,National Park - Bekkjarvik,"Main Street, Bekkjarvik, Norway",Park,,Park,Park,Bekkjarvik,144,Norway,19,Northern Europe,5,Europe,0,4.15769884753448
2747,6566,Crystal Bay - Bekkjarvik,"Main Street, Bekkjarvik, Norway",Beach,,Beach,Beach,Bekkjarvik,144,Norway,19,Northern Europe,5,Europe,0,4.15769884753448
2748,6566,Eco Park - Bekkjarvik,"Main Street, Bekkjarvik, Norway",Park,,Park,Park,Bekkjarvik,144,Norway,19,Northern Europe,5,Europe,0,4.15769884753448
2749,6566,Art Gallery - Bekkjarvik,"Main Street, Bekkjarvik, Norway",Museum,,Museum,Museum,Bekkjarvik,144,Norway,19,Northern Europe,5,Europe,0,4.15769884753448
2750,6597,Ancient Temple - Longyearbyen,"Main Street, Longyearbyen, Norway",Temple,,Temple,Religious,Longyearbyen,144,Norway,19,Northern Europe,5,Europe,0,4.15769884753448
2751,6597,Paradise Beach - Longyearbyen,"Main Street, Longyearbyen, Norway",Beach,,Beach,Beach,Longyearbyen,144,Norway,19,Northern Europe,5,Europe,0,4.15769884753448
2752,6597,Paradise Beach - Longyearbyen,"Main Street, Longyearbyen, Norway",Beach,,Beach,Beach,Longyearbyen,144,Norway,19,Northern Europe,5,Europe,0,4.15769884753448
2753,6597,Farmers' Market - Longyearbyen,"Main Street, Longyearbyen, Norway",Market,,Market,Market,Longyearbyen,144,Norway,19,Northern Europe,5,Europe,0,4.15769884753448
2754,6572,Art Gallery - Eidsvoll,"Main Street, Eidsvoll, Norway",Museum,,Museum,Museum,Eidsvoll,144,Norway,19,Northern Europe,5,Europe,0,4.15769884753448
2755,6572,National Park - Eidsvoll,"Main Street, Eidsvoll, Norway",Park,,Park,Park,Eidsvoll,144,Norway,19,Northern Europe,5,Europe,0,4.15769884753448
2756,6572,Golden Sand Beach - Eidsvoll,"Main Street, Eidsvoll, Norway",Beach,,Beach,Beach,Eidsvoll,144,Norway,19,Northern Europe,5,Europe,0,4.15769884753448
2757,6572,Flea Market - Eidsvoll,"Main Street, Eidsvoll, Norway",Market,,Market,Market,Eidsvoll,144,Norway,19,Northern Europe,5,Europe,0,4.15769884753448
2758,6711,Crystal Bay - Tyreso,"Main Street, Tyreso, Sweden",Beach,,Beach,Beach,Tyreso,145,Sweden,19,Northern Europe,5,Europe,0,4.15769884753448
2759,6711,National Park - Tyreso,"Main Street, Tyreso, Sweden",Park,,Park,Park,Tyreso,145,Sweden,19,Northern Europe,5,Europe,0,4.15769884753448
2760,6711,Botanical Garden - Tyreso,"Main Street, Tyreso, Sweden",Park,,Park,Park,Tyreso,145,Sweden,19,Northern Europe,5,Europe,0,4.15769884753448
2761,6711,Cultural Heritage Center - Tyreso,"Main Street, Tyreso, Sweden",Museum,,Museum,Museum,Tyreso,145,Sweden,19,Northern Europe,5,Europe,0,4.15769884753448
2762,6638,Golden Sand Beach - Akersberga,"Main Street, Akersberga, Sweden",Beach,,Beach,Beach,Akersberga,145,Sweden,19,Northern Europe,5,Europe,0,4.15769884753448
2763,6638,Wildlife Reserve - Akersberga,"Main Street, Akersberga, Sweden",Park,,Park,Park,Akersberga,145,Sweden,19,Northern Europe,5,Europe,0,4.15769884753448
2764,6638,Cultural Heritage Center - Akersberga,"Main Street, Akersberga, Sweden",Museum,,Museum,Museum,Akersberga,145,Sweden,19,Northern Europe,5,Europe,0,4.15769884753448
2765,6638,National Park - Akersberga,"Main Street, Akersberga, Sweden",Park,,Park,Park,Akersberga,145,Sweden,19,Northern Europe,5,Europe,0,4.15769884753448
2766,6696,Flea Market - Sollentuna,"Main Street, Sollentuna, Sweden",Market,,Market,Market,Sollentuna,145,Sweden,19,Northern Europe,5,Europe,0,4.15769884753448
2767,6696,Flea Market - Sollentuna,"Main Street, Sollentuna, Sweden",Market,,Market,Market,Sollentuna,145,Sweden,19,Northern Europe,5,Europe,0,4.15769884753448
2768,6696,Night Market - Sollentuna,"Main Street, Sollentuna, Sweden",Market,,Market,Market,Sollentuna,145,Sweden,19,Northern Europe,5,Europe,0,4.15769884753448
2769,6696,Ancient Temple - Sollentuna,"Main Street, Sollentuna, Sweden",Temple,,Temple,Religious,Sollentuna,145,Sweden,19,Northern Europe,5,Europe,0,4.15769884753448
2770,6723,History Museum - Durres,"Main Street, Durres, Albania",Museum,,Museum,Museum,Durres,146,Albania,20,Southern Europe,5,Europe,0,4.15769884753448
2771,6723,Night Market - Durres,"Main Street, Durres, Albania",Market,,Market,Market,Durres,146,Albania,20,Southern Europe,5,Europe,0,4.15769884753448
2772,6723,Cultural Heritage Center - Durres,"Main Street, Durres, Albania",Museum,,Museum,Museum,Durres,146,Albania,20,Southern Europe,5,Europe,0,4.15769884753448
2773,6723,Art Gallery - Durres,"Main Street, Durres, Albania",Museum,,Museum,Museum,Durres,146,Albania,20,Southern Europe,5,Europe,0,4.15769884753448
2774,6725,Golden Sand Beach - Tirana,"Main Street, Tirana, Albania",Beach,,Beach,Beach,Tirana,146,Albania,20,Southern Europe,5,Europe,0,4.15769884753448
2775,6725,Cultural Heritage Center - Tirana,"Main Street, Tirana, Albania",Museum,,Museum,Museum,Tirana,146,Albania,20,Southern Europe,5,Europe,0,4.15769884753448
2776,6725,Sunset Cove - Tirana,"Main Street, Tirana, Albania",Beach,,Beach,Beach,Tirana,146,Albania,20,Southern Europe,5,Europe,0,4.15769884753448
2777,6725,History Museum - Tirana,"Main Street, Tirana, Albania",Museum,,Museum,Museum,Tirana,146,Albania,20,Southern Europe,5,Europe,0,4.15769884753448
2778,6722,Local Bazaar - Albany,"Main Street, Albany, Albania",Market,,Market,Market,Albany,146,Albania,20,Southern Europe,5,Europe,0,4.15769884753448
2779,6722,Wildlife Reserve - Albany,"Main Street, Albany, Albania",Park,,Park,Park,Albany,146,Albania,20,Southern Europe,5,Europe,0,4.15769884753448
2780,6722,Local Bazaar - Albany,"Main Street, Albany, Albania",Market,,Market,Market,Albany,146,Albania,20,Southern Europe,5,Europe,0,4.15769884753448
2781,6722,National Park - Albany,"Main Street, Albany, Albania",Park,,Park,Park,Albany,146,Albania,20,Southern Europe,5,Europe,0,4.15769884753448
2782,6726,Science Museum - Banja Luka,"Main Street, Banja Luka, Bosnia and Herzegovina",Museum,,Museum,Museum,Banja Luka,147,Bosnia and Herzegovina,20,Southern Europe,5,Europe,0,4.15769884753448
2783,6726,Art Gallery - Banja Luka,"Main Street, Banja Luka, Bosnia and Herzegovina",Museum,,Museum,Museum,Banja Luka,147,Bosnia and Herzegovina,20,Southern Europe,5,Europe,0,4.15769884753448
2784,6726,Grand Mosque - Banja Luka,"Main Street, Banja Luka, Bosnia and Herzegovina",Temple,,Temple,Religious,Banja Luka,147,Bosnia and Herzegovina,20,Southern Europe,5,Europe,0,4.15769884753448
2785,6726,Ancient Temple - Banja Luka,"Main Street, Banja Luka, Bosnia and Herzegovina",Temple,,Temple,Religious,Banja Luka,147,Bosnia and Herzegovina,20,Southern Europe,5,Europe,0,4.15769884753448
2786,6727,Wildlife Reserve - Gradacac,"Main Street, Gradacac, Bosnia and Herzegovina",Park,,Park,Park,Gradacac,147,Bosnia and Herzegovina,20,Southern Europe,5,Europe,0,4.15769884753448
2787,6727,Sacred Shrine - Gradacac,"Main Street, Gradacac, Bosnia and Herzegovina",Temple,,Temple,Religious,Gradacac,147,Bosnia and Herzegovina,20,Southern Europe,5,Europe,0,4.15769884753448
2788,6727,Flea Market - Gradacac,"Main Street, Gradacac, Bosnia and Herzegovina",Market,,Market,Market,Gradacac,147,Bosnia and Herzegovina,20,Southern Europe,5,Europe,0,4.15769884753448
2789,6727,Sunset Cove - Gradacac,"Main Street, Gradacac, Bosnia and Herzegovina",Beach,,Beach,Beach,Gradacac,147,Bosnia and Herzegovina,20,Southern Europe,5,Europe,0,4.15769884753448
2790,6731,Crystal Bay - Visoko,"Main Street, Visoko, Bosnia and Herzegovina",Beach,,Beach,Beach,Visoko,147,Bosnia and Herzegovina,20,Southern Europe,5,Europe,0,4.15769884753448
2791,6731,Grand Mosque - Visoko,"Main Street, Visoko, Bosnia and Herzegovina",Temple,,Temple,Religious,Visoko,147,Bosnia and Herzegovina,20,Southern Europe,5,Europe,0,4.15769884753448
2792,6731,Local Bazaar - Visoko,"Main Street, Visoko, Bosnia and Herzegovina",Market,,Market,Market,Visoko,147,Bosnia and Herzegovina,20,Southern Europe,5,Europe,0,4.15769884753448
2793,6731,Eco Park - Visoko,"Main Street, Visoko, Bosnia and Herzegovina",Park,,Park,Park,Visoko,147,Bosnia and Herzegovina,20,Southern Europe,5,Europe,0,4.15769884753448
2794,6743,Science Museum - Varna,"Main Street, Varna, Bulgaria",Museum,,Museum,Museum,Varna,148,Bulgaria,20,Southern Europe,5,Europe,0,4.15769884753448
2795,6743,Local Bazaar - Varna,"Main Street, Varna, Bulgaria",Market,,Market,Market,Varna,148,Bulgaria,20,Southern Europe,5,Europe,0,4.15769884753448
2796,6743,Cultural Heritage Center - Varna,"Main Street, Varna, Bulgaria",Museum,,Museum,Museum,Varna,148,Bulgaria,20,Southern Europe,5,Europe,0,4.15769884753448
2797,6743,Flea Market - Varna,"Main Street, Varna, Bulgaria",Market,,Market,Market,Varna,148,Bulgaria,20,Southern Europe,5,Europe,0,4.15769884753448
2798,6741,History Museum - Sofia Region,"Main Street, Sofia Region, Bulgaria",Museum,,Museum,Museum,Sofia Region,148,Bulgaria,20,Southern Europe,5,Europe,0,4.15769884753448
2799,6741,Art Gallery - Sofia Region,"Main Street, Sofia Region, Bulgaria",Museum,,Museum,Museum,Sofia Region,148,Bulgaria,20,Southern Europe,5,Europe,0,4.15769884753448
2800,6741,History Museum - Sofia Region,"Main Street, Sofia Region, Bulgaria",Museum,,Museum,Museum,Sofia Region,148,Bulgaria,20,Southern Europe,5,Europe,0,4.15769884753448
2801,6741,Art Gallery - Sofia Region,"Main Street, Sofia Region, Bulgaria",Museum,,Museum,Museum,Sofia Region,148,Bulgaria,20,Southern Europe,5,Europe,0,4.15769884753448
2802,6732,Art Gallery - Bulgaria,"Main Street, Bulgaria, Bulgaria",Museum,,Museum,Museum,Bulgaria,148,Bulgaria,20,Southern Europe,5,Europe,0,4.15769884753448
2803,6732,Paradise Beach - Bulgaria,"Main Street, Bulgaria, Bulgaria",Beach,,Beach,Beach,Bulgaria,148,Bulgaria,20,Southern Europe,5,Europe,0,4.15769884753448
2804,6732,Crystal Bay - Bulgaria,"Main Street, Bulgaria, Bulgaria",Beach,,Beach,Beach,Bulgaria,148,Bulgaria,20,Southern Europe,5,Europe,0,4.15769884753448
2805,6732,Farmers' Market - Bulgaria,"Main Street, Bulgaria, Bulgaria",Market,,Market,Market,Bulgaria,148,Bulgaria,20,Southern Europe,5,Europe,0,4.15769884753448
2806,6772,National Park - Ouranoupolis,"Main Street, Ouranoupolis, Greece",Park,,Park,Park,Ouranoupolis,150,Greece,20,Southern Europe,5,Europe,0,4.15769884753448
2807,6772,History Museum - Ouranoupolis,"Main Street, Ouranoupolis, Greece",Museum,,Museum,Museum,Ouranoupolis,150,Greece,20,Southern Europe,5,Europe,0,4.15769884753448
2808,6772,Golden Sand Beach - Ouranoupolis,"Main Street, Ouranoupolis, Greece",Beach,,Beach,Beach,Ouranoupolis,150,Greece,20,Southern Europe,5,Europe,0,4.15769884753448
2809,6772,Flea Market - Ouranoupolis,"Main Street, Ouranoupolis, Greece",Market,,Market,Market,Ouranoupolis,150,Greece,20,Southern Europe,5,Europe,0,4.15769884753448
2810,6785,Farmers' Market - Syvota,"Main Street, Syvota, Greece",Market,,Market,Market,Syvota,150,Greece,20,Southern Europe,5,Europe,0,4.15769884753448
2811,6785,Sunset Cove - Syvota,"Main Street, Syvota, Greece",Beach,,Beach,Beach,Syvota,150,Greece,20,Southern Europe,5,Europe,0,4.15769884753448
2812,6785,Wildlife Reserve - Syvota,"Main Street, Syvota, Greece",Park,,Park,Park,Syvota,150,Greece,20,Southern Europe,5,Europe,0,4.15769884753448
2813,6785,History Museum - Syvota,"Main Street, Syvota, Greece",Museum,,Museum,Museum,Syvota,150,Greece,20,Southern Europe,5,Europe,0,4.15769884753448
2814,6771,Science Museum - Orestiada,"Main Street, Orestiada, Greece",Museum,,Museum,Museum,Orestiada,150,Greece,20,Southern Europe,5,Europe,0,4.15769884753448
2815,6771,History Museum - Orestiada,"Main Street, Orestiada, Greece",Museum,,Museum,Museum,Orestiada,150,Greece,20,Southern Europe,5,Europe,0,4.15769884753448
2816,6771,Night Market - Orestiada,"Main Street, Orestiada, Greece",Market,,Market,Market,Orestiada,150,Greece,20,Southern Europe,5,Europe,0,4.15769884753448
2817,6771,Sacred Shrine - Orestiada,"Main Street, Orestiada, Greece",Temple,,Temple,Religious,Orestiada,150,Greece,20,Southern Europe,5,Europe,0,4.15769884753448
2818,6889,Wildlife Reserve - Piano di Sorrento,"Main Street, Piano di Sorrento, Italy",Park,,Park,Park,Piano di Sorrento,151,Italy,20,Southern Europe,5,Europe,0,4.15769884753448
2819,6889,History Museum - Piano di Sorrento,"Main Street, Piano di Sorrento, Italy",Museum,,Museum,Museum,Piano di Sorrento,151,Italy,20,Southern Europe,5,Europe,0,4.15769884753448
2820,6889,Wildlife Reserve - Piano di Sorrento,"Main Street, Piano di Sorrento, Italy",Park,,Park,Park,Piano di Sorrento,151,Italy,20,Southern Europe,5,Europe,0,4.15769884753448
2821,6889,Night Market - Piano di Sorrento,"Main Street, Piano di Sorrento, Italy",Market,,Market,Market,Piano di Sorrento,151,Italy,20,Southern Europe,5,Europe,0,4.15769884753448
2822,6862,Botanical Garden - Marina di Carrara,"Main Street, Marina di Carrara, Italy",Park,,Park,Park,Marina di Carrara,151,Italy,20,Southern Europe,5,Europe,0,4.15769884753448
2823,6862,Sacred Shrine - Marina di Carrara,"Main Street, Marina di Carrara, Italy",Temple,,Temple,Religious,Marina di Carrara,151,Italy,20,Southern Europe,5,Europe,0,4.15769884753448
2824,6862,Botanical Garden - Marina di Carrara,"Main Street, Marina di Carrara, Italy",Park,,Park,Park,Marina di Carrara,151,Italy,20,Southern Europe,5,Europe,0,4.15769884753448
2825,6862,Art Gallery - Marina di Carrara,"Main Street, Marina di Carrara, Italy",Museum,,Museum,Museum,Marina di Carrara,151,Italy,20,Southern Europe,5,Europe,0,4.15769884753448
2826,6875,Sunset Cove - Monza,"Main Street, Monza, Italy",Beach,,Beach,Beach,Monza,151,Italy,20,Southern Europe,5,Europe,0,4.15769884753448
2827,6875,National Park - Monza,"Main Street, Monza, Italy",Park,,Park,Park,Monza,151,Italy,20,Southern Europe,5,Europe,0,4.15769884753448
2828,6875,Eco Park - Monza,"Main Street, Monza, Italy",Park,,Park,Park,Monza,151,Italy,20,Southern Europe,5,Europe,0,4.15769884753448
2829,6875,Sacred Shrine - Monza,"Main Street, Monza, Italy",Temple,,Temple,Religious,Monza,151,Italy,20,Southern Europe,5,Europe,0,4.15769884753448
2830,6964,Wildlife Reserve - Paola,"Main Street, Paola, Malta",Park,,Park,Park,Paola,152,Malta,20,Southern Europe,5,Europe,0,4.15769884753448
2831,6964,Paradise Beach - Paola,"Main Street, Paola, Malta",Beach,,Beach,Beach,Paola,152,Malta,20,Southern Europe,5,Europe,0,4.15769884753448
2832,6964,Science Museum - Paola,"Main Street, Paola, Malta",Museum,,Museum,Museum,Paola,152,Malta,20,Southern Europe,5,Europe,0,4.15769884753448
2833,6964,Cathedral - Paola,"Main Street, Paola, Malta",Temple,,Temple,Religious,Paola,152,Malta,20,Southern Europe,5,Europe,0,4.15769884753448
2834,6958,Cultural Heritage Center - Marsaxlokk,"Main Street, Marsaxlokk, Malta",Museum,,Museum,Museum,Marsaxlokk,152,Malta,20,Southern Europe,5,Europe,0,4.15769884753448
2835,6958,Cultural Heritage Center - Marsaxlokk,"Main Street, Marsaxlokk, Malta",Museum,,Museum,Museum,Marsaxlokk,152,Malta,20,Southern Europe,5,Europe,0,4.15769884753448
2836,6958,Sacred Shrine - Marsaxlokk,"Main Street, Marsaxlokk, Malta",Temple,,Temple,Religious,Marsaxlokk,152,Malta,20,Southern Europe,5,Europe,0,4.15769884753448
2837,6958,Golden Sand Beach - Marsaxlokk,"Main Street, Marsaxlokk, Malta",Beach,,Beach,Beach,Marsaxlokk,152,Malta,20,Southern Europe,5,Europe,0,4.15769884753448
2838,6949,Sacred Shrine - Attard,"Main Street, Attard, Malta",Temple,,Temple,Religious,Attard,152,Malta,20,Southern Europe,5,Europe,0,4.15769884753448
2839,6949,National Park - Attard,"Main Street, Attard, Malta",Park,,Park,Park,Attard,152,Malta,20,Southern Europe,5,Europe,0,4.15769884753448
2840,6949,Crystal Bay - Attard,"Main Street, Attard, Malta",Beach,,Beach,Beach,Attard,152,Malta,20,Southern Europe,5,Europe,0,4.15769884753448
2841,6949,History Museum - Attard,"Main Street, Attard, Malta",Museum,,Museum,Museum,Attard,152,Malta,20,Southern Europe,5,Europe,0,4.15769884753448
2842,6973,Wildlife Reserve - Moldova,"Main Street, Moldova, Moldova",Park,,Park,Park,Moldova,153,Moldova,20,Southern Europe,5,Europe,0,4.15769884753448
2843,6973,Sacred Shrine - Moldova,"Main Street, Moldova, Moldova",Temple,,Temple,Religious,Moldova,153,Moldova,20,Southern Europe,5,Europe,0,4.15769884753448
2844,6973,Cultural Heritage Center - Moldova,"Main Street, Moldova, Moldova",Museum,,Museum,Museum,Moldova,153,Moldova,20,Southern Europe,5,Europe,0,4.15769884753448
2845,6973,Paradise Beach - Moldova,"Main Street, Moldova, Moldova",Beach,,Beach,Beach,Moldova,153,Moldova,20,Southern Europe,5,Europe,0,4.15769884753448
2846,6972,Local Bazaar - Chisinau,"Main Street, Chisinau, Moldova",Market,,Market,Market,Chisinau,153,Moldova,20,Southern Europe,5,Europe,0,4.15769884753448
2847,6972,Night Market - Chisinau,"Main Street, Chisinau, Moldova",Market,,Market,Market,Chisinau,153,Moldova,20,Southern Europe,5,Europe,0,4.15769884753448
2848,6972,Paradise Beach - Chisinau,"Main Street, Chisinau, Moldova",Beach,,Beach,Beach,Chisinau,153,Moldova,20,Southern Europe,5,Europe,0,4.15769884753448
2849,6972,Farmers' Market - Chisinau,"Main Street, Chisinau, Moldova",Market,,Market,Market,Chisinau,153,Moldova,20,Southern Europe,5,Europe,0,4.15769884753448
2850,6975,Sacred Shrine - Tivat,"Main Street, Tivat, Montenegro",Temple,,Temple,Religious,Tivat,154,Montenegro,20,Southern Europe,5,Europe,0,4.15769884753448
2851,6975,Cathedral - Tivat,"Main Street, Tivat, Montenegro",Temple,,Temple,Religious,Tivat,154,Montenegro,20,Southern Europe,5,Europe,0,4.15769884753448
2852,6975,Farmers' Market - Tivat,"Main Street, Tivat, Montenegro",Market,,Market,Market,Tivat,154,Montenegro,20,Southern Europe,5,Europe,0,4.15769884753448
2853,6975,Cultural Heritage Center - Tivat,"Main Street, Tivat, Montenegro",Museum,,Museum,Museum,Tivat,154,Montenegro,20,Southern Europe,5,Europe,0,4.15769884753448
2854,6974,Ancient Temple - Montenegro,"Main Street, Montenegro, Montenegro",Temple,,Temple,Religious,Montenegro,154,Montenegro,20,Southern Europe,5,Europe,0,4.15769884753448
2855,6974,Paradise Beach - Montenegro,"Main Street, Montenegro, Montenegro",Beach,,Beach,Beach,Montenegro,154,Montenegro,20,Southern Europe,5,Europe,0,4.15769884753448
2856,6974,Golden Sand Beach - Montenegro,"Main Street, Montenegro, Montenegro",Beach,,Beach,Beach,Montenegro,154,Montenegro,20,Southern Europe,5,Europe,0,4.15769884753448
2857,6974,Botanical Garden - Montenegro,"Main Street, Montenegro, Montenegro",Park,,Park,Park,Montenegro,154,Montenegro,20,Southern Europe,5,Europe,0,4.15769884753448
2858,6976,Art Gallery - Albufeira,"Main Street, Albufeira, Portugal",Museum,,Museum,Museum,Albufeira,155,Portugal,20,Southern Europe,5,Europe,0,4.15769884753448
2859,6976,Sacred Shrine - Albufeira,"Main Street, Albufeira, Portugal",Temple,,Temple,Religious,Albufeira,155,Portugal,20,Southern Europe,5,Europe,0,4.15769884753448
2860,6976,Botanical Garden - Albufeira,"Main Street, Albufeira, Portugal",Park,,Park,Park,Albufeira,155,Portugal,20,Southern Europe,5,Europe,0,4.15769884753448
2861,6976,Crystal Bay - Albufeira,"Main Street, Albufeira, Portugal",Beach,,Beach,Beach,Albufeira,155,Portugal,20,Southern Europe,5,Europe,0,4.15769884753448
2862,6981,History Museum - Ansiao,"Main Street, Ansiao, Portugal",Museum,,Museum,Museum,Ansiao,155,Portugal,20,Southern Europe,5,Europe,0,4.15769884753448
2863,6981,Crystal Bay - Ansiao,"Main Street, Ansiao, Portugal",Beach,,Beach,Beach,Ansiao,155,Portugal,20,Southern Europe,5,Europe,0,4.15769884753448
2864,6981,Paradise Beach - Ansiao,"Main Street, Ansiao, Portugal",Beach,,Beach,Beach,Ansiao,155,Portugal,20,Southern Europe,5,Europe,0,4.15769884753448
2865,6981,Ancient Temple - Ansiao,"Main Street, Ansiao, Portugal",Temple,,Temple,Religious,Ansiao,155,Portugal,20,Southern Europe,5,Europe,0,4.15769884753448
2866,7006,Grand Mosque - Joao do Estoril,"Main Street, Joao do Estoril, Portugal",Temple,,Temple,Religious,Joao do Estoril,155,Portugal,20,Southern Europe,5,Europe,0,4.15769884753448
2867,7006,Cultural Heritage Center - Joao do Estoril,"Main Street, Joao do Estoril, Portugal",Museum,,Museum,Museum,Joao do Estoril,155,Portugal,20,Southern Europe,5,Europe,0,4.15769884753448
2868,7006,Ancient Temple - Joao do Estoril,"Main Street, Joao do Estoril, Portugal",Temple,,Temple,Religious,Joao do Estoril,155,Portugal,20,Southern Europe,5,Europe,0,4.15769884753448
2869,7006,Sunset Cove - Joao do Estoril,"Main Street, Joao do Estoril, Portugal",Beach,,Beach,Beach,Joao do Estoril,155,Portugal,20,Southern Europe,5,Europe,0,4.15769884753448
2870,7033,Farmers' Market - Bitola,"Main Street, Bitola, Republic of North Macedonia",Market,,Market,Market,Bitola,156,Republic of North Macedonia,20,Southern Europe,5,Europe,0,4.15769884753448
2871,7033,Ancient Temple - Bitola,"Main Street, Bitola, Republic of North Macedonia",Temple,,Temple,Religious,Bitola,156,Republic of North Macedonia,20,Southern Europe,5,Europe,0,4.15769884753448
2872,7033,Sunset Cove - Bitola,"Main Street, Bitola, Republic of North Macedonia",Beach,,Beach,Beach,Bitola,156,Republic of North Macedonia,20,Southern Europe,5,Europe,0,4.15769884753448
2873,7033,Paradise Beach - Bitola,"Main Street, Bitola, Republic of North Macedonia",Beach,,Beach,Beach,Bitola,156,Republic of North Macedonia,20,Southern Europe,5,Europe,0,4.15769884753448
2874,7034,Local Bazaar - Kavadarci,"Main Street, Kavadarci, Republic of North Macedonia",Market,,Market,Market,Kavadarci,156,Republic of North Macedonia,20,Southern Europe,5,Europe,0,4.15769884753448
2875,7034,Cultural Heritage Center - Kavadarci,"Main Street, Kavadarci, Republic of North Macedonia",Museum,,Museum,Museum,Kavadarci,156,Republic of North Macedonia,20,Southern Europe,5,Europe,0,4.15769884753448
2876,7034,Cathedral - Kavadarci,"Main Street, Kavadarci, Republic of North Macedonia",Temple,,Temple,Religious,Kavadarci,156,Republic of North Macedonia,20,Southern Europe,5,Europe,0,4.15769884753448
2877,7034,National Park - Kavadarci,"Main Street, Kavadarci, Republic of North Macedonia",Park,,Park,Park,Kavadarci,156,Republic of North Macedonia,20,Southern Europe,5,Europe,0,4.15769884753448
2878,7035,Botanical Garden - Skopje,"Main Street, Skopje, Republic of North Macedonia",Park,,Park,Park,Skopje,156,Republic of North Macedonia,20,Southern Europe,5,Europe,0,4.15769884753448
2879,7035,Sunset Cove - Skopje,"Main Street, Skopje, Republic of North Macedonia",Beach,,Beach,Beach,Skopje,156,Republic of North Macedonia,20,Southern Europe,5,Europe,0,4.15769884753448
2880,7035,Cathedral - Skopje,"Main Street, Skopje, Republic of North Macedonia",Temple,,Temple,Religious,Skopje,156,Republic of North Macedonia,20,Southern Europe,5,Europe,0,4.15769884753448
2881,7035,Crystal Bay - Skopje,"Main Street, Skopje, Republic of North Macedonia",Beach,,Beach,Beach,Skopje,156,Republic of North Macedonia,20,Southern Europe,5,Europe,0,4.15769884753448
2882,7132,Wildlife Reserve - Ondara,"Main Street, Ondara, Spain",Park,,Park,Park,Ondara,157,Spain,20,Southern Europe,5,Europe,0,4.15769884753448
2883,7132,Farmers' Market - Ondara,"Main Street, Ondara, Spain",Market,,Market,Market,Ondara,157,Spain,20,Southern Europe,5,Europe,0,4.15769884753448
2884,7132,Art Gallery - Ondara,"Main Street, Ondara, Spain",Museum,,Museum,Museum,Ondara,157,Spain,20,Southern Europe,5,Europe,0,4.15769884753448
2885,7132,Golden Sand Beach - Ondara,"Main Street, Ondara, Spain",Beach,,Beach,Beach,Ondara,157,Spain,20,Southern Europe,5,Europe,0,4.15769884753448
2886,7105,Local Bazaar - Las Virtudes,"Main Street, Las Virtudes, Spain",Market,,Market,Market,Las Virtudes,157,Spain,20,Southern Europe,5,Europe,0,4.15769884753448
2887,7105,Local Bazaar - Las Virtudes,"Main Street, Las Virtudes, Spain",Market,,Market,Market,Las Virtudes,157,Spain,20,Southern Europe,5,Europe,0,4.15769884753448
2888,7105,Farmers' Market - Las Virtudes,"Main Street, Las Virtudes, Spain",Market,,Market,Market,Las Virtudes,157,Spain,20,Southern Europe,5,Europe,0,4.15769884753448
2889,7105,Grand Mosque - Las Virtudes,"Main Street, Las Virtudes, Spain",Temple,,Temple,Religious,Las Virtudes,157,Spain,20,Southern Europe,5,Europe,0,4.15769884753448
2890,7118,Ancient Temple - Manresa,"Main Street, Manresa, Spain",Temple,,Temple,Religious,Manresa,157,Spain,20,Southern Europe,5,Europe,0,4.15769884753448
2891,7118,Grand Mosque - Manresa,"Main Street, Manresa, Spain",Temple,,Temple,Religious,Manresa,157,Spain,20,Southern Europe,5,Europe,0,4.15769884753448
2892,7118,National Park - Manresa,"Main Street, Manresa, Spain",Park,,Park,Park,Manresa,157,Spain,20,Southern Europe,5,Europe,0,4.15769884753448
2893,7118,National Park - Manresa,"Main Street, Manresa, Spain",Park,,Park,Park,Manresa,157,Spain,20,Southern Europe,5,Europe,0,4.15769884753448
2894,7323,Botanical Garden - Westerlo,"Main Street, Westerlo, Belgium",Park,,Park,Park,Westerlo,158,Belgium,21,Western Europe,5,Europe,0,4.15769884753448
2895,7323,Sacred Shrine - Westerlo,"Main Street, Westerlo, Belgium",Temple,,Temple,Religious,Westerlo,158,Belgium,21,Western Europe,5,Europe,0,4.15769884753448
2896,7323,Night Market - Westerlo,"Main Street, Westerlo, Belgium",Market,,Market,Market,Westerlo,158,Belgium,21,Western Europe,5,Europe,0,4.15769884753448
2897,7323,Wildlife Reserve - Westerlo,"Main Street, Westerlo, Belgium",Park,,Park,Park,Westerlo,158,Belgium,21,Western Europe,5,Europe,0,4.15769884753448
2898,7211,Farmers' Market - Breendonk,"Main Street, Breendonk, Belgium",Market,,Market,Market,Breendonk,158,Belgium,21,Western Europe,5,Europe,0,4.15769884753448
2899,7211,Art Gallery - Breendonk,"Main Street, Breendonk, Belgium",Museum,,Museum,Museum,Breendonk,158,Belgium,21,Western Europe,5,Europe,0,4.15769884753448
2900,7211,Ancient Temple - Breendonk,"Main Street, Breendonk, Belgium",Temple,,Temple,Religious,Breendonk,158,Belgium,21,Western Europe,5,Europe,0,4.15769884753448
2901,7211,Science Museum - Breendonk,"Main Street, Breendonk, Belgium",Museum,,Museum,Museum,Breendonk,158,Belgium,21,Western Europe,5,Europe,0,4.15769884753448
2902,7273,Eco Park - Maldegem,"Main Street, Maldegem, Belgium",Park,,Park,Park,Maldegem,158,Belgium,21,Western Europe,5,Europe,0,4.15769884753448
2903,7273,National Park - Maldegem,"Main Street, Maldegem, Belgium",Park,,Park,Park,Maldegem,158,Belgium,21,Western Europe,5,Europe,0,4.15769884753448
2904,7273,National Park - Maldegem,"Main Street, Maldegem, Belgium",Park,,Park,Park,Maldegem,158,Belgium,21,Western Europe,5,Europe,0,4.15769884753448
2905,7273,Ancient Temple - Maldegem,"Main Street, Maldegem, Belgium",Temple,,Temple,Religious,Maldegem,158,Belgium,21,Western Europe,5,Europe,0,4.15769884753448
2906,7449,Sacred Shrine - Les Avenieres,"Main Street, Les Avenieres, France",Temple,,Temple,Religious,Les Avenieres,159,France,21,Western Europe,5,Europe,0,4.15769884753448
2907,7449,Sunset Cove - Les Avenieres,"Main Street, Les Avenieres, France",Beach,,Beach,Beach,Les Avenieres,159,France,21,Western Europe,5,Europe,0,4.15769884753448
2908,7449,Crystal Bay - Les Avenieres,"Main Street, Les Avenieres, France",Beach,,Beach,Beach,Les Avenieres,159,France,21,Western Europe,5,Europe,0,4.15769884753448
2909,7449,Science Museum - Les Avenieres,"Main Street, Les Avenieres, France",Museum,,Museum,Museum,Les Avenieres,159,France,21,Western Europe,5,Europe,0,4.15769884753448
2910,7349,Sunset Cove - Argentine,"Main Street, Argentine, France",Beach,,Beach,Beach,Argentine,159,France,21,Western Europe,5,Europe,0,4.15769884753448
2911,7349,Paradise Beach - Argentine,"Main Street, Argentine, France",Beach,,Beach,Beach,Argentine,159,France,21,Western Europe,5,Europe,0,4.15769884753448
2912,7349,Ancient Temple - Argentine,"Main Street, Argentine, France",Temple,,Temple,Religious,Argentine,159,France,21,Western Europe,5,Europe,0,4.15769884753448
2913,7349,Sunset Cove - Argentine,"Main Street, Argentine, France",Beach,,Beach,Beach,Argentine,159,France,21,Western Europe,5,Europe,0,4.15769884753448
2914,7545,Golden Sand Beach - St.-Thibault-des-vignes,"Main Street, St.-Thibault-des-vignes, France",Beach,,Beach,Beach,St.-Thibault-des-vignes,159,France,21,Western Europe,5,Europe,0,4.15769884753448
2915,7545,Local Bazaar - St.-Thibault-des-vignes,"Main Street, St.-Thibault-des-vignes, France",Market,,Market,Market,St.-Thibault-des-vignes,159,France,21,Western Europe,5,Europe,0,4.15769884753448
2916,7545,Grand Mosque - St.-Thibault-des-vignes,"Main Street, St.-Thibault-des-vignes, France",Temple,,Temple,Religious,St.-Thibault-des-vignes,159,France,21,Western Europe,5,Europe,0,4.15769884753448
2917,7545,Golden Sand Beach - St.-Thibault-des-vignes,"Main Street, St.-Thibault-des-vignes, France",Beach,,Beach,Beach,St.-Thibault-des-vignes,159,France,21,Western Europe,5,Europe,0,4.15769884753448
2918,7571,Cultural Heritage Center - Ardee,"Main Street, Ardee, Ireland",Museum,,Museum,Museum,Ardee,160,Ireland,21,Western Europe,5,Europe,0,4.15769884753448
2919,7571,History Museum - Ardee,"Main Street, Ardee, Ireland",Museum,,Museum,Museum,Ardee,160,Ireland,21,Western Europe,5,Europe,0,4.15769884753448
2920,7571,National Park - Ardee,"Main Street, Ardee, Ireland",Park,,Park,Park,Ardee,160,Ireland,21,Western Europe,5,Europe,0,4.15769884753448
2921,7571,Sacred Shrine - Ardee,"Main Street, Ardee, Ireland",Temple,,Temple,Religious,Ardee,160,Ireland,21,Western Europe,5,Europe,0,4.15769884753448
2922,7576,Farmers' Market - Cavan,"Main Street, Cavan, Ireland",Market,,Market,Market,Cavan,160,Ireland,21,Western Europe,5,Europe,0,4.15769884753448
2923,7576,Flea Market - Cavan,"Main Street, Cavan, Ireland",Market,,Market,Market,Cavan,160,Ireland,21,Western Europe,5,Europe,0,4.15769884753448
2924,7576,Flea Market - Cavan,"Main Street, Cavan, Ireland",Market,,Market,Market,Cavan,160,Ireland,21,Western Europe,5,Europe,0,4.15769884753448
2925,7576,Flea Market - Cavan,"Main Street, Cavan, Ireland",Market,,Market,Market,Cavan,160,Ireland,21,Western Europe,5,Europe,0,4.15769884753448
2926,7605,Paradise Beach - Kerry,"Main Street, Kerry, Ireland",Beach,,Beach,Beach,Kerry,160,Ireland,21,Western Europe,5,Europe,0,4.15769884753448
2927,7605,Art Gallery - Kerry,"Main Street, Kerry, Ireland",Museum,,Museum,Museum,Kerry,160,Ireland,21,Western Europe,5,Europe,0,4.15769884753448
2928,7605,Cultural Heritage Center - Kerry,"Main Street, Kerry, Ireland",Museum,,Museum,Museum,Kerry,160,Ireland,21,Western Europe,5,Europe,0,4.15769884753448
2929,7605,Ancient Temple - Kerry,"Main Street, Kerry, Ireland",Temple,,Temple,Religious,Kerry,160,Ireland,21,Western Europe,5,Europe,0,4.15769884753448
2930,7631,History Museum - Monte-Carlo,"Main Street, Monte-Carlo, Monaco",Museum,,Museum,Museum,Monte-Carlo,161,Monaco,21,Western Europe,5,Europe,0,4.15769884753448
2931,7631,Flea Market - Monte-Carlo,"Main Street, Monte-Carlo, Monaco",Market,,Market,Market,Monte-Carlo,161,Monaco,21,Western Europe,5,Europe,0,4.15769884753448
2932,7631,Art Gallery - Monte-Carlo,"Main Street, Monte-Carlo, Monaco",Museum,,Museum,Museum,Monte-Carlo,161,Monaco,21,Western Europe,5,Europe,0,4.15769884753448
2933,7631,Farmers' Market - Monte-Carlo,"Main Street, Monte-Carlo, Monaco",Market,,Market,Market,Monte-Carlo,161,Monaco,21,Western Europe,5,Europe,0,4.15769884753448
2934,7630,Art Gallery - Monaco,"Main Street, Monaco, Monaco",Museum,,Museum,Museum,Monaco,161,Monaco,21,Western Europe,5,Europe,0,4.15769884753448
2935,7630,Eco Park - Monaco,"Main Street, Monaco, Monaco",Park,,Park,Park,Monaco,161,Monaco,21,Western Europe,5,Europe,0,4.15769884753448
2936,7630,Art Gallery - Monaco,"Main Street, Monaco, Monaco",Museum,,Museum,Museum,Monaco,161,Monaco,21,Western Europe,5,Europe,0,4.15769884753448
2937,7630,Sunset Cove - Monaco,"Main Street, Monaco, Monaco",Beach,,Beach,Beach,Monaco,161,Monaco,21,Western Europe,5,Europe,0,4.15769884753448
2938,7662,National Park - Beverwijk,"Main Street, Beverwijk, Netherlands",Park,,Park,Park,Beverwijk,162,Netherlands,21,Western Europe,5,Europe,0,4.15769884753448
2939,7662,Sacred Shrine - Beverwijk,"Main Street, Beverwijk, Netherlands",Temple,,Temple,Religious,Beverwijk,162,Netherlands,21,Western Europe,5,Europe,0,4.15769884753448
2940,7662,Local Bazaar - Beverwijk,"Main Street, Beverwijk, Netherlands",Market,,Market,Market,Beverwijk,162,Netherlands,21,Western Europe,5,Europe,0,4.15769884753448
2941,7662,Eco Park - Beverwijk,"Main Street, Beverwijk, Netherlands",Park,,Park,Park,Beverwijk,162,Netherlands,21,Western Europe,5,Europe,0,4.15769884753448
2942,7758,Flea Market - Huizen,"Main Street, Huizen, Netherlands",Market,,Market,Market,Huizen,162,Netherlands,21,Western Europe,5,Europe,0,4.15769884753448
2943,7758,Grand Mosque - Huizen,"Main Street, Huizen, Netherlands",Temple,,Temple,Religious,Huizen,162,Netherlands,21,Western Europe,5,Europe,0,4.15769884753448
2944,7758,National Park - Huizen,"Main Street, Huizen, Netherlands",Park,,Park,Park,Huizen,162,Netherlands,21,Western Europe,5,Europe,0,4.15769884753448
2945,7758,Science Museum - Huizen,"Main Street, Huizen, Netherlands",Museum,,Museum,Museum,Huizen,162,Netherlands,21,Western Europe,5,Europe,0,4.15769884753448
2946,7831,History Museum - Roosendaal,"Main Street, Roosendaal, Netherlands",Museum,,Museum,Museum,Roosendaal,162,Netherlands,21,Western Europe,5,Europe,0,4.15769884753448
2947,7831,Cathedral - Roosendaal,"Main Street, Roosendaal, Netherlands",Temple,,Temple,Religious,Roosendaal,162,Netherlands,21,Western Europe,5,Europe,0,4.15769884753448
2948,7831,Botanical Garden - Roosendaal,"Main Street, Roosendaal, Netherlands",Park,,Park,Park,Roosendaal,162,Netherlands,21,Western Europe,5,Europe,0,4.15769884753448
2949,7831,Farmers' Market - Roosendaal,"Main Street, Roosendaal, Netherlands",Market,,Market,Market,Roosendaal,162,Netherlands,21,Western Europe,5,Europe,0,4.15769884753448
2950,8459,Flea Market - Isle of Mull,"Main Street, Isle of Mull, United Kingdom",Market,,Market,Market,Isle of Mull,163,United Kingdom,21,Western Europe,5,Europe,0,4.15769884753448
2951,8459,Farmers' Market - Isle of Mull,"Main Street, Isle of Mull, United Kingdom",Market,,Market,Market,Isle of Mull,163,United Kingdom,21,Western Europe,5,Europe,0,4.15769884753448
2952,8459,Cultural Heritage Center - Isle of Mull,"Main Street, Isle of Mull, United Kingdom",Museum,,Museum,Museum,Isle of Mull,163,United Kingdom,21,Western Europe,5,Europe,0,4.15769884753448
2953,8459,Ancient Temple - Isle of Mull,"Main Street, Isle of Mull, United Kingdom",Temple,,Temple,Religious,Isle of Mull,163,United Kingdom,21,Western Europe,5,Europe,0,4.15769884753448
2954,8960,Night Market - Tadworth,"Main Street, Tadworth, United Kingdom",Market,,Market,Market,Tadworth,163,United Kingdom,21,Western Europe,5,Europe,0,4.15769884753448
2955,8960,Science Museum - Tadworth,"Main Street, Tadworth, United Kingdom",Museum,,Museum,Museum,Tadworth,163,United Kingdom,21,Western Europe,5,Europe,0,4.15769884753448
2956,8960,Science Museum - Tadworth,"Main Street, Tadworth, United Kingdom",Museum,,Museum,Museum,Tadworth,163,United Kingdom,21,Western Europe,5,Europe,0,4.15769884753448
2957,8960,Local Bazaar - Tadworth,"Main Street, Tadworth, United Kingdom",Market,,Market,Market,Tadworth,163,United Kingdom,21,Western Europe,5,Europe,0,4.15769884753448
2958,8154,Crystal Bay - Churchdown,"Main Street, Churchdown, United Kingdom",Beach,,Beach,Beach,Churchdown,163,United Kingdom,21,Western Europe,5,Europe,0,4.15769884753448
2959,8154,Cultural Heritage Center - Churchdown,"Main Street, Churchdown, United Kingdom",Museum,,Museum,Museum,Churchdown,163,United Kingdom,21,Western Europe,5,Europe,0,4.15769884753448
2960,8154,Cathedral - Churchdown,"Main Street, Churchdown, United Kingdom",Temple,,Temple,Religious,Churchdown,163,United Kingdom,21,Western Europe,5,Europe,0,4.15769884753448
2961,8154,Ancient Temple - Churchdown,"Main Street, Churchdown, United Kingdom",Temple,,Temple,Religious,Churchdown,163,United Kingdom,21,Western Europe,5,Europe,0,4.15769884753448
2962,9142,Ancient Temple - Sanaa,"Main Street, Sanaa, Yemen",Temple,,Temple,Religious,Sanaa,164,Yemen,12,Middle East,3,Asia,0,4.15769884753448
2963,9142,Science Museum - Sanaa,"Main Street, Sanaa, Yemen",Museum,,Museum,Museum,Sanaa,164,Yemen,12,Middle East,3,Asia,0,4.15769884753448
2964,9142,Botanical Garden - Sanaa,"Main Street, Sanaa, Yemen",Park,,Park,Park,Sanaa,164,Yemen,12,Middle East,3,Asia,0,4.15769884753448
2965,9142,Botanical Garden - Sanaa,"Main Street, Sanaa, Yemen",Park,,Park,Park,Sanaa,164,Yemen,12,Middle East,3,Asia,0,4.15769884753448
